AtomicNumber,BlockIndex,EnergyEv,SigmaA0Squared,WeightedRmsError,WeightedMaxError,ElapsedMilliseconds,PhiKnotIndices,XKnot
21,1,49.999999999999993,32.507734682900001,4.1408148249654713E-05,0.00018496864402450797,2149.490,"0;111;299;558;815;1038;1224;1379;1515;1653;1726;2131;2233;2382;2545;2683;2781;2843;2878;2897;2908;2915;2919;2922;2923;2924;2925;2926;2929;2939;2970;3041;3152;3223;3610;3647;3767;3857;3904;3925;3935;3939;3940;3941;3942;3943;3945;3955;3991;4063;4096","1;0.997555673;0.992926598;0.985168874;0.97506249;0.96298635;0.948759317;0.931995392;0.911891401;0.886013627;0.870722353;0.778818011;0.753851771;0.714503229;0.664611161;0.611406505;0.560254097;0.514056623;0.47583279;0.445540607;0.420173973;0.39630723;0.375257939;0.346179157;0.320429415;0.238056749;0.221829295;0.210847855;0.188552067;0.146514609;0.0789249167;-0.0075351377;-0.0972621664;-0.144190371;-0.366563112;-0.38891229;-0.46986118;-0.550201476;-0.613891006;-0.660915971;-0.701619029;-0.737495601;-0.759510398;-0.800473332;-0.819262981;-0.830172658;-0.84457022;-0.880593479;-0.933784127;-0.984219849;-1"
21,2,53.087295892748919,32.393746581899997,6.2069042788482438E-05,0.00034325320781047886,2082.607,"0;120;310;559;812;1039;1229;1383;1512;1627;1729;1900;2251;2411;2552;2678;2775;2839;2877;2898;2909;2915;2919;2921;2922;2924;2931;2935;2936;2937;2938;2940;2949;2989;3121;3195;3639;3690;3852;3903;3917;3922;3924;3926;3929;3935;3943;3963;4005;4063;4096","1;0.997507215;0.993091404;0.986126423;0.977023184;0.966008544;0.953253865;0.938976765;0.922920465;0.904693484;0.885590911;0.849519849;0.767237961;0.724410176;0.680764496;0.633030653;0.585037947;0.54165405;0.505770743;0.478642613;0.460171044;0.447891504;0.438356191;0.433032751;0.430195391;0.42410478;0.395408452;0.364200115;0.348368049;0.269317299;0.241166607;0.217111528;0.167760313;0.0776379406;-0.0598467439;-0.113798045;-0.381426007;-0.415049851;-0.554466665;-0.638567567;-0.685961008;-0.7200495;-0.748461604;-0.796757698;-0.828311861;-0.856590748;-0.87834543;-0.9111045;-0.950724423;-0.985081255;-1"
21,3,56.365219704085561,32.205223660199998,8.001962665681362E-05,0.00076127713713469713,2064.658,"0;127;309;553;805;1032;1222;1381;1517;1640;1755;1881;2221;2421;2560;2676;2767;2831;2872;2898;2913;2922;2928;2931;2932;2937;2945;2949;2950;2951;2952;2957;2984;3103;3168;3700;3754;3870;3898;3904;3907;3908;3910;3913;3917;3925;3940;3967;4010;4062;4096","1;0.997511566;0.993535399;0.987203419;0.978919148;0.969055593;0.957922459;0.945322752;0.93092078;0.914010406;0.894531548;0.869777739;0.792578816;0.739779413;0.696751356;0.653389752;0.610462785;0.570998669;0.537506342;0.509513974;0.488761306;0.473433971;0.461283565;0.454369217;0.45190686;0.438019395;0.405582905;0.373791069;0.357891291;0.294482589;0.256033629;0.20700191;0.12003123;-0.0280694384;-0.0807738304;-0.422858417;-0.465579391;-0.601119816;-0.681183875;-0.727199972;-0.778081834;-0.792385101;-0.811629236;-0.82986933;-0.846250653;-0.868282199;-0.894927263;-0.925689638;-0.957940042;-0.985523403;-1"
21,4,59.845541929811816,31.945953958400001,7.3470538437682339E-05,0.00063737553851761497,2175.250,"0;133;303;552;810;1039;1229;1386;1521;1644;1758;1889;2170;2421;2570;2678;2764;2828;2871;2898;2914;2925;2932;2941;2950;2958;2963;2965;2966;2968;2974;3002;3104;3167;3726;3776;3849;3875;3882;3887;3890;3894;3898;3903;3910;3922;3941;3971;4014;4062;4096","1;0.997541249;0.994059622;0.988046765;0.980192482;0.971071005;0.961030006;0.950047851;0.937669694;0.923116982;0.906243563;0.882849097;0.822272539;0.757980466;0.712160349;0.672140002;0.632850707;0.595737278;0.563659489;0.538027167;0.519320488;0.503993928;0.492675364;0.475409508;0.452958316;0.423178762;0.388793617;0.35537681;0.293876648;0.251290321;0.206206366;0.122481652;-0.00984344073;-0.0644320175;-0.446936995;-0.493829817;-0.593316674;-0.667933583;-0.716043949;-0.781776428;-0.806112647;-0.826319993;-0.840568721;-0.854231834;-0.869097233;-0.888382792;-0.910814226;-0.936527073;-0.963455737;-0.986431777;-1"
21,5,63.540759845796678,31.6202853528,9.6069343624083172E-05,0.0011055574352547559,2399.562,"0;142;314;547;798;1031;1226;1382;1516;1643;1769;1909;2132;2410;2578;2687;2765;2824;2867;2896;2914;2925;2932;2943;2954;2961;2965;2976;2980;2982;2987;3011;3111;3166;3726;3768;3825;3850;3858;3864;3867;3872;3879;3888;3901;3918;3942;3976;4019;4063;4096","1;0.997519195;0.994184673;0.98891592;0.981897235;0.973502338;0.964300632;0.954717696;0.944137454;0.931287646;0.915023983;0.892327905;0.847394049;0.779013991;0.728241026;0.688070059;0.653063536;0.620564878;0.591238022;0.566863179;0.548686326;0.53584373;0.526727557;0.510355771;0.490215182;0.474117607;0.463018179;0.415042937;0.368391484;0.292557269;0.234213039;0.1467724;0.00463031372;-0.0462502465;-0.453464091;-0.497466058;-0.58183825;-0.653055549;-0.703365922;-0.771168828;-0.793804884;-0.817826271;-0.839703321;-0.859380424;-0.880086601;-0.900308728;-0.922031701;-0.945533752;-0.968591213;-0.987670422;-1"
21,6,67.46414238367818,31.2330277744,9.9028934212163155E-05,0.00057859669397153368,2072.993,"0;148;293;533;798;1033;1223;1377;1513;1647;1784;1930;2123;2392;2578;2694;2772;2827;2868;2898;2921;2940;2945;2961;2980;2990;2994;2996;2998;3000;3007;3034;3113;3167;3717;3756;3814;3831;3840;3843;3850;3862;3877;3891;3902;3918;3942;3976;4019;4063;4096","1;0.997557402;0.994930387;0.98991555;0.983069777;0.975276172;0.967155218;0.958762109;0.949382603;0.937589765;0.921990931;0.900528014;0.864423156;0.801315963;0.746834338;0.70478791;0.67023921;0.640724778;0.614168704;0.590773761;0.569226623;0.547643363;0.541133285;0.516725659;0.474117607;0.433573425;0.402430832;0.371867001;0.313318372;0.278965443;0.226406842;0.142529309;0.0266013239;-0.0275739226;-0.453152448;-0.498436481;-0.603139579;-0.676050603;-0.763599038;-0.784043193;-0.814137101;-0.844665229;-0.86954993;-0.886869848;-0.89817667;-0.912241161;-0.92978406;-0.949998021;-0.970736742;-0.98839891;-1"
21,7,71.629777777457321,30.7893565022,8.1567157351031253E-05,0.00069617480399863929,2227.957,"0;106;299;552;805;1028;1215;1370;1511;1652;1797;1947;2127;2372;2572;2699;2780;2834;2872;2901;2927;2949;2966;2982;2998;3008;3012;3016;3021;3047;3167;3230;3632;3687;3773;3800;3807;3814;3818;3825;3835;3847;3862;3879;3898;3919;3945;3979;4020;4061;4096","1;0.998369813;0.99511385;0.990107059;0.983948588;0.977118194;0.969884753;0.962355852;0.953773439;0.942844689;0.928200185;0.90831387;0.877292573;0.823065639;0.766958594;0.722138464;0.686838567;0.658376217;0.634576619;0.613208115;0.59044981;0.567011774;0.544571042;0.517279148;0.476636618;0.42903322;0.386977106;0.308123767;0.259426445;0.163507536;-0.00531443022;-0.0633686185;-0.376718909;-0.430283338;-0.551531076;-0.632255733;-0.676070571;-0.745388627;-0.773055673;-0.802803874;-0.829394996;-0.851418376;-0.871877193;-0.889967084;-0.906399548;-0.921592236;-0.937517524;-0.95509094;-0.972968578;-0.988336325;-1"
21,8,76.0526241520746,30.2947170771,8.0822816535047957E-05,0.00087132387215660412,2204.265,"0;111;280;534;794;1020;1209;1364;1506;1654;1806;1962;2136;2358;2562;2698;2785;2846;2893;2925;2939;2948;2981;3011;3024;3028;3029;3034;3039;3065;3174;3224;3656;3699;3753;3775;3782;3788;3791;3796;3802;3810;3820;3834;3854;3880;3911;3949;3997;4048;4096","1;0.998385251;0.995709598;0.991055489;0.985214889;0.978864431;0.972209752;0.965430498;0.957737863;0.947584927;0.933956027;0.915355682;0.887872994;0.841932714;0.787588775;0.74146533;0.704650581;0.672985256;0.643082976;0.618235469;0.605632007;0.596775651;0.556562364;0.495733678;0.440305531;0.405825973;0.393414557;0.317922264;0.273560166;0.175821334;0.012681433;-0.0373203121;-0.403936148;-0.455097258;-0.547486305;-0.6204108;-0.666967273;-0.727707565;-0.751088262;-0.777376354;-0.79864347;-0.81898725;-0.837962627;-0.858215392;-0.880294323;-0.902428448;-0.923318565;-0.944058418;-0.965502262;-0.984525979;-1"
21,9,80.748563235624118,29.7547322112,0.0001032895611280301,0.00091347454909906922,2199.653,"0;108;271;520;783;1015;1208;1368;1510;1659;1815;1975;2147;2349;2549;2693;2787;2854;2905;2948;2986;3014;3029;3033;3041;3046;3050;3056;3079;3164;3211;3660;3694;3730;3748;3756;3764;3767;3771;3776;3785;3799;3817;3836;3855;3879;3911;3953;4002;4052;4096","1;0.998516023;0.99609375;0.991833746;0.986360788;0.98034513;0.974101901;0.967691779;0.960687757;0.951468408;0.938913405;0.921712756;0.896886885;0.858116508;0.808027029;0.761627913;0.723427892;0.689626992;0.657671809;0.623422265;0.582399845;0.53739357;0.499663025;0.485817075;0.446964771;0.405529737;0.356963307;0.298963547;0.201520696;0.0537794344;2.50991779E-05;-0.415498465;-0.463354439;-0.533917427;-0.593678832;-0.64215368;-0.722986281;-0.74477154;-0.765419602;-0.784089208;-0.808033884;-0.833905995;-0.857820213;-0.877235293;-0.89314121;-0.910009384;-0.928795993;-0.949254513;-0.969172537;-0.986523867;-1"
21,10,85.734457388078539,29.1751110726,6.8726094214273243E-05,0.00073166306138716664,2115.852,"0;115;284;530;781;1007;1205;1371;1513;1662;1822;1986;2157;2345;2536;2685;2793;2860;2898;2944;2994;3031;3051;3060;3063;3070;3071;3077;3100;3168;3212;3620;3654;3700;3724;3733;3740;3744;3752;3765;3782;3800;3817;3834;3854;3879;3911;3953;4003;4053;4096","1;0.998502851;0.996116459;0.992121756;0.987208903;0.981770694;0.975873351;0.969762504;0.963353813;0.954998374;0.943385124;0.927456498;0.904955804;0.871690214;0.827077508;0.781891108;0.739802778;0.706940055;0.684577703;0.651732445;0.6029374;0.545322955;0.489030629;0.442595035;0.41963163;0.352659047;0.343760997;0.300605148;0.210793018;0.083513625;0.0276084561;-0.371214032;-0.416165143;-0.498207569;-0.573474944;-0.631082237;-0.708630502;-0.738195717;-0.77294153;-0.806085587;-0.834305525;-0.856126547;-0.872630358;-0.886604011;-0.900801837;-0.916127324;-0.932971179;-0.951794803;-0.970852554;-0.987342954;-1"
21,11,91.028210151304037,28.561561708599999,7.0962660949753535E-05,0.00039923950252718221,2214.526,"0;124;294;520;770;1006;1205;1370;1519;1672;1833;1997;2162;2340;2527;2679;2784;2861;2912;2937;2978;3023;3056;3072;3079;3090;3092;3097;3109;3132;3169;3210;3619;3648;3690;3707;3712;3718;3723;3731;3744;3760;3776;3796;3820;3847;3876;3915;3969;4032;4096","1;0.998468995;0.996186793;0.992727578;0.98817122;0.982890785;0.977381349;0.971780717;0.96559608;0.957699835;0.946993411;0.932457745;0.912710607;0.8839764;0.843554795;0.800273716;0.761840761;0.726263344;0.697028995;0.68017149;0.64695102;0.596055388;0.534144282;0.479565352;0.440691352;0.356332362;0.342259079;0.312028915;0.259543568;0.194063082;0.122970015;0.0633327588;-0.372555137;-0.416634232;-0.507863224;-0.580279827;-0.622691453;-0.697981775;-0.734344006;-0.767030597;-0.799185753;-0.825672507;-0.845559537;-0.865362823;-0.884648681;-0.902648211;-0.919073582;-0.937916219;-0.959835291;-0.981300533;-1"
21,12,96.648830537792136,27.919708356600001,5.8762058366942895E-05,0.00028626878677240342,2238.548,"0;123;254;509;769;1007;1206;1372;1523;1674;1835;2003;2171;2344;2520;2672;2784;2858;2907;2947;2985;3021;3052;3073;3086;3095;3108;3109;3114;3121;3133;3152;3176;3215;3594;3623;3667;3686;3692;3697;3700;3708;3726;3759;3802;3842;3878;3924;3980;4038;4096","1;0.998562813;0.996924281;0.993299842;0.988862038;0.983871341;0.978731096;0.97349757;0.967704177;0.960548282;0.950809598;0.937308192;0.918965816;0.893266857;0.8580392;0.817671418;0.77895242;0.746610343;0.720504105;0.694957197;0.665241063;0.628879607;0.585179627;0.541138053;0.500183105;0.458836973;0.37615633;0.369790196;0.34041661;0.306256682;0.261233151;0.208806559;0.158566847;0.0947118476;-0.337935537;-0.382097572;-0.475045055;-0.551052213;-0.60126847;-0.675638676;-0.705757558;-0.748022377;-0.79472363;-0.840982854;-0.878757298;-0.9044981;-0.92342484;-0.943858743;-0.964885056;-0.983575106;-1"
21,13,102.61650128895843,27.2550148469,3.1194887379314316E-05,0.00033115267810446269,2116.378,"0;131;254;494;750;990;1196;1367;1522;1676;1841;2010;2177;2347;2517;2667;2779;2857;2911;2953;2990;3023;3050;3070;3085;3096;3105;3113;3127;3129;3140;3156;3182;3221;3265;3539;3569;3590;3629;3657;3670;3675;3680;3684;3693;3710;3740;3797;3895;4018;4096","1;0.998547256;0.99708885;0.993885756;0.989818633;0.985167384;0.980260491;0.975289106;0.969809115;0.963097215;0.953929543;0.941479683;0.924801946;0.901635885;0.870190918;0.833076656;0.796830237;0.76478219;0.737465203;0.711791515;0.684294105;0.653686702;0.621511042;0.590449333;0.560010731;0.530975342;0.500275791;0.465264201;0.388611764;0.377711087;0.32503891;0.267933637;0.201593876;0.128808856;0.0636936203;-0.25753805;-0.297794729;-0.328945071;-0.399021655;-0.474054277;-0.536761224;-0.585113704;-0.672951937;-0.70876348;-0.749160051;-0.789963126;-0.832128346;-0.880887687;-0.93328166;-0.977816164;-1"
21,14,108.9526513481117,26.572715330299999,3.59886734045987E-05,0.00028837204891374313,1966.650,"0;138;265;502;755;982;1184;1364;1524;1682;1848;2017;2185;2352;2515;2661;2775;2856;2917;2957;2979;3015;3052;3082;3102;3115;3127;3147;3148;3163;3187;3224;3265;3541;3568;3613;3643;3656;3660;3661;3662;3663;3665;3670;3682;3702;3739;3806;3909;4026;4096","1;0.998547375;0.997114182;0.994106054;0.990294456;0.986164749;0.981699646;0.976857841;0.97160387;0.965207875;0.95665729;0.945173979;0.929720163;0.908725917;0.880857468;0.847371817;0.812987089;0.781748235;0.752381504;0.729001164;0.714172125;0.685633957;0.647773921;0.605513096;0.566087544;0.531436741;0.489046484;0.39583689;0.39109543;0.327724129;0.25355804;0.172791526;0.104068466;-0.247574806;-0.287516743;-0.36879757;-0.45113942;-0.517533123;-0.558277488;-0.574577749;-0.596525729;-0.623702407;-0.663523674;-0.707120478;-0.75354147;-0.794605136;-0.839791417;-0.890138924;-0.940168619;-0.9804371;-1"
21,15,115.68003280833437,25.8777542827,4.2396084539951203E-05,0.00024649541695676014,2262.173,"0;145;281;518;757;986;1186;1361;1524;1687;1855;2023;2188;2351;2510;2654;2770;2855;2913;2954;2989;3022;3051;3069;3091;3114;3130;3142;3175;3183;3201;3226;3265;3547;3571;3628;3645;3649;3650;3651;3652;3654;3657;3663;3676;3699;3740;3810;3913;4026;4096","1;0.998550713;0.997088015;0.994210303;0.99079138;0.986856401;0.982692361;0.978289127;0.97331214;0.967171192;0.959119201;0.948538244;0.93457067;0.915807247;0.89090693;0.860520899;0.828114569;0.79747349;0.771434724;0.749321878;0.726981282;0.701740444;0.674623787;0.654379606;0.624285161;0.582740486;0.543531895;0.505468011;0.371346354;0.342008531;0.286152363;0.224923849;0.149923295;-0.241610348;-0.281355619;-0.413680941;-0.499865472;-0.549988508;-0.575685441;-0.613722503;-0.641434848;-0.67045635;-0.69487232;-0.724242032;-0.761623919;-0.8013376;-0.84562552;-0.894179285;-0.942123115;-0.980458677;-1"
21,16,122.82280261157906,25.174736549999999,5.5817120044534579E-05,0.00043006432879222345,2198.183,"0;153;297;539;764;976;1177;1358;1525;1688;1855;2023;2190;2353;2510;2649;2763;2850;2913;2960;2994;3017;3033;3065;3098;3126;3147;3164;3166;3203;3231;3270;3565;3586;3625;3637;3639;3640;3641;3642;3643;3647;3656;3663;3676;3699;3741;3812;3915;4027;4096","1;0.998546958;0.997069895;0.994253755;0.991182387;0.987750411;0.98385179;0.979604125;0.974845827;0.969121814;0.961702824;0.951961637;0.938967466;0.921688616;0.898978591;0.871861041;0.842461824;0.813474536;0.787109435;0.763068378;0.742343307;0.72616142;0.713578463;0.684036791;0.644393384;0.597967923;0.549358487;0.496811748;0.489805192;0.355450958;0.27608794;0.191955879;-0.255920082;-0.298048168;-0.410776496;-0.484869748;-0.50954169;-0.528059304;-0.560430288;-0.615376711;-0.640902519;-0.683336914;-0.725434303;-0.745802522;-0.773213744;-0.806932867;-0.848550379;-0.895653069;-0.942720473;-0.980624795;-1"
21,17,130.40660929235182,24.467888521599999,5.6864634514503083E-05,0.00030058562612234052,2152.025,"0;161;304;519;751;967;1171;1358;1527;1693;1860;2026;2191;2354;2505;2647;2758;2838;2905;2969;3024;3067;3095;3114;3139;3160;3178;3182;3229;3273;3554;3573;3608;3626;3632;3633;3634;3635;3636;3640;3642;3647;3654;3663;3676;3699;3741;3812;3915;4027;4096","1;0.99854672;0.99714911;0.994792759;0.991832435;0.988557875;0.984856546;0.980744839;0.976225078;0.970756173;0.963809967;0.954844236;0.942971706;0.927035093;0.906949282;0.881392419;0.854865372;0.830466688;0.805004776;0.774240971;0.73987782;0.704584181;0.675117671;0.650653303;0.610125422;0.565060973;0.515373647;0.502897739;0.350198537;0.241676271;-0.215627149;-0.253732771;-0.344225794;-0.423119724;-0.475521982;-0.490611464;-0.512798011;-0.576747239;-0.624556065;-0.672530055;-0.685495734;-0.708934307;-0.731857121;-0.753589034;-0.777339697;-0.808379948;-0.848353446;-0.894839644;-0.942025185;-0.980340242;-1"
21,18,138.45868507746371,23.761030974099999,4.7783598776009793E-05,0.00038811507693070624,2258.423,"0;62;222;507;755;965;1165;1357;1532;1699;1866;2035;2201;2359;2507;2639;2743;2834;2912;2971;3026;3082;3130;3165;3192;3218;3243;3291;3543;3559;3599;3619;3626;3629;3630;3631;3632;3633;3635;3638;3642;3647;3652;3660;3674;3699;3744;3817;3918;4026;4096","1;0.999478281;0.998073697;0.9951967;0.992208183;0.9891994;0.985784709;0.981825352;0.977416158;0.972229362;0.965692103;0.957108736;0.94586134;0.931382656;0.913035929;0.891108871;0.868543208;0.843200386;0.815243542;0.788270056;0.756066382;0.71163702;0.65631032;0.596569896;0.53174448;0.454392344;0.379571676;0.261177599;-0.169635862;-0.201410592;-0.30013147;-0.378994137;-0.426860005;-0.462257057;-0.481884778;-0.526814401;-0.6132586;-0.632356524;-0.654806137;-0.67615515;-0.695954204;-0.714360297;-0.728978753;-0.747828305;-0.773240566;-0.806489348;-0.848502755;-0.895649016;-0.941997945;-0.979589283;-1"
21,19,147.00794367256506,23.057563255800002,2.9214601445603877E-05,0.00017411000538669619,2318.162,"0;1;229;532;790;1000;1183;1358;1528;1699;1873;2043;2206;2360;2504;2634;2743;2832;2907;2972;3031;3085;3130;3166;3194;3219;3220;3275;3322;3530;3545;3578;3605;3620;3626;3628;3629;3630;3631;3632;3634;3636;3641;3652;3670;3699;3746;3820;3920;4025;4096","1;0.999992013;0.998110056;0.995181262;0.992172122;0.989242196;0.986219823;0.982784212;0.978762925;0.973789513;0.967382491;0.959235132;0.94885838;0.935699046;0.919169962;0.899250031;0.877291262;0.854159534;0.8292768;0.801695704;0.769123793;0.728990436;0.682507932;0.630348682;0.57506299;0.512512863;0.509793341;0.359263629;0.252643079;-0.114500694;-0.14390251;-0.217596188;-0.298159361;-0.368209988;-0.417055279;-0.444907367;-0.467674166;-0.577266812;-0.610614896;-0.626733422;-0.647547245;-0.662191272;-0.687944651;-0.723886251;-0.761356413;-0.801567197;-0.845970392;-0.894329906;-0.941095591;-0.97865659;-1"
21,20,156.08508408660063,22.360458314799999,2.7465740659548604E-05,0.00013780002818736259,2258.261,"0;1;241;557;826;1037;1198;1357;1530;1702;1875;2044;2207;2363;2505;2632;2740;2831;2905;2970;3034;3089;3130;3158;3181;3205;3226;3228;3302;3348;3519;3533;3555;3584;3606;3619;3626;3629;3630;3631;3632;3635;3642;3653;3670;3699;3747;3821;3921;4026;4096","1;0.999992371;0.998106062;0.995174348;0.992134511;0.989261329;0.986686468;0.983718932;0.979860842;0.975139856;0.969144881;0.961551487;0.951862931;0.939410388;0.924183846;0.906068504;0.885864198;0.86384511;0.840973079;0.815392733;0.782450616;0.744164944;0.705681443;0.671721041;0.637133956;0.592671096;0.545956731;0.541155756;0.354188263;0.25419566;-0.0582687445;-0.08570306;-0.131878167;-0.202735439;-0.273153275;-0.333590508;-0.385926962;-0.425841928;-0.449746609;-0.563912749;-0.597453475;-0.635470212;-0.677223742;-0.714411676;-0.751414001;-0.793622732;-0.840792596;-0.890865266;-0.939290404;-0.978188872;-1"
21,21,165.72270086699936,21.672268196699999,2.9202654937527665E-05,0.000205297815875638,2360.439,"0;1;253;585;858;1050;1209;1374;1538;1707;1876;2045;2208;2363;2505;2629;2736;2827;2906;2977;3037;3086;3126;3157;3187;3220;3308;3311;3358;3523;3534;3559;3586;3606;3619;3626;3630;3632;3633;3634;3635;3636;3639;3647;3664;3695;3746;3823;3924;4028;4096","1;0.999992788;0.998106062;0.995145917;0.99215436;0.98963064;0.987199664;0.984244704;0.980741441;0.976333857;0.970807314;0.963677764;0.954600811;0.943047166;0.92884028;0.91237992;0.893820763;0.873431504;0.850667834;0.824138403;0.794787049;0.763449609;0.730275095;0.697578371;0.657649279;0.601108611;0.397867084;0.390851021;0.287582934;-0.0271843448;-0.0496558063;-0.104324751;-0.173038155;-0.2376706;-0.295210779;-0.340007752;-0.37859866;-0.409191251;-0.434438586;-0.536533415;-0.578372657;-0.596801519;-0.628711343;-0.673146307;-0.723710418;-0.777118325;-0.8319363;-0.886882246;-0.937821984;-0.977906108;-1"
21,22,175.95540114143819,20.9951381473,3.4315287017761655E-05,0.00019940156875875026,2136.771,"0;1;265;611;894;1085;1219;1367;1535;1708;1882;2052;2213;2366;2505;2625;2735;2828;2904;2974;3037;3089;3130;3168;3201;3239;3321;3322;3370;3523;3531;3560;3586;3604;3617;3626;3632;3635;3636;3637;3638;3639;3640;3644;3654;3678;3728;3812;3924;4034;4096","1;0.999993145;0.998109639;0.995144904;0.992134333;0.989682138;0.987699807;0.985190213;0.981816232;0.977560341;0.972173154;0.965362489;0.956870973;0.946115136;0.933073044;0.918239832;0.900478363;0.880954564;0.860483944;0.836271822;0.807787657;0.776865244;0.745237112;0.707396328;0.665058076;0.601878703;0.422928274;0.420665592;0.316165596;0.0147074787;-0.00201019924;-0.0665667802;-0.133400947;-0.189622223;-0.240900397;-0.288058996;-0.332689971;-0.365720779;-0.380688399;-0.400050163;-0.430217743;-0.517014861;-0.558379591;-0.612443507;-0.667912304;-0.732395709;-0.803490877;-0.873387933;-0.934507132;-0.978932977;-1"
21,23,186.81992888645732,20.330827409099999,3.3484361360110448E-05,0.00019085642019001092,2409.429,"0;1;278;639;930;1119;1227;1374;1535;1705;1881;2054;2218;2368;2503;2625;2733;2826;2905;2972;3034;3094;3151;3201;3243;3279;3286;3372;3401;3535;3558;3583;3603;3617;3627;3633;3637;3639;3642;3644;3645;3646;3647;3649;3656;3677;3724;3806;3918;4031;4096","1;0.999993443;0.998109341;0.995132506;0.992122114;0.989751041;0.988207281;0.98582691;0.982753158;0.97881031;0.973677874;0.967147887;0.958967447;0.949010372;0.937139034;0.923036158;0.906728089;0.88852191;0.868613482;0.846998394;0.821194649;0.788036048;0.744553745;0.690894783;0.629346251;0.562911451;0.548740149;0.364656955;0.304567903;0.0334744006;-0.018621631;-0.0818676949;-0.141585633;-0.192828074;-0.23909843;-0.274745136;-0.305201918;-0.324193209;-0.362670273;-0.406886697;-0.453314275;-0.514665484;-0.544138074;-0.576331794;-0.631126463;-0.7044155;-0.783804417;-0.860734463;-0.927586734;-0.976563573;-1"
21,24,198.35529686915336,19.680736612,3.4505849549835498E-05,0.00027635971155715033,2183.305,"0;1;291;666;966;1158;1264;1397;1554;1711;1880;2054;2218;2368;2503;2625;2734;2825;2900;2970;3038;3100;3153;3197;3233;3264;3291;3388;3407;3535;3558;3581;3601;3616;3627;3636;3643;3648;3651;3652;3653;3654;3655;3656;3659;3670;3702;3775;3896;4028;4096","1;0.999993742;0.9981125;0.995135844;0.99211669;0.989754379;0.988263309;0.986159325;0.983251154;0.979750991;0.975081384;0.968886197;0.961180031;0.951818824;0.940669715;0.927428603;0.9119609;0.89524591;0.877702892;0.856841683;0.830353379;0.797883868;0.760182798;0.71824187;0.673910797;0.626996458;0.579510212;0.38245821;0.34337002;0.0796859786;0.0271089021;-0.030552946;-0.0877974629;-0.138459384;-0.183294356;-0.229191825;-0.276941895;-0.327341497;-0.378349751;-0.40637958;-0.447370648;-0.490243584;-0.51867491;-0.538225591;-0.575612605;-0.642508209;-0.728739679;-0.823305607;-0.910585582;-0.973826647;-1"
21,25,210.60292673573608,19.0459386309,3.8574590349134317E-05,0.00018843078222130494,2203.076,"0;1;306;690;1001;1236;1405;1548;1711;1889;2061;2222;2372;2506;2625;2730;2819;2898;2974;3044;3103;3149;3185;3220;3258;3300;3406;3407;3531;3557;3582;3601;3613;3626;3639;3648;3655;3659;3661;3663;3664;3665;3667;3672;3677;3686;3711;3771;3884;4024;4096","1;0.99999404;0.998105764;0.995170295;0.992127895;0.989238203;0.986721933;0.984209836;0.980777681;0.97609061;0.970229149;0.963028371;0.954141617;0.943654358;0.931471944;0.917539299;0.902398765;0.885275602;0.863995612;0.838057697;0.808880508;0.779093504;0.749652088;0.714161396;0.666095197;0.600228488;0.395163685;0.393136948;0.136404112;0.0771146789;0.0148034291;-0.0384302847;-0.0763043985;-0.123355359;-0.181411773;-0.23483023;-0.295223862;-0.351730347;-0.398433745;-0.462213993;-0.488692462;-0.509119391;-0.538729608;-0.584400177;-0.614076436;-0.651660502;-0.716630936;-0.803475678;-0.896285832;-0.970217526;-1"
21,26,223.60679774997899,18.4272116426,4.0726024297012491E-05,0.00018577881597019175,2144.105,"0;1;320;722;1038;1243;1383;1537;1710;1890;2061;2223;2371;2503;2619;2723;2817;2902;2977;3042;3099;3152;3203;3253;3303;3355;3386;3520;3548;3570;3591;3611;3626;3637;3647;3656;3663;3667;3669;3671;3672;3674;3675;3677;3681;3690;3714;3772;3884;4024;4096","1;0.999994338;0.998109162;0.995142817;0.99212265;0.989678979;0.987716079;0.985194027;0.981761634;0.97726649;0.971749663;0.964895904;0.956623018;0.946931899;0.935862839;0.923083425;0.908227921;0.890876055;0.87098217;0.848518848;0.82282722;0.791429043;0.751163006;0.698236167;0.628830671;0.54007417;0.481640697;0.209380373;0.147011608;0.0946825594;0.0403935909;-0.0176148284;-0.0677612051;-0.110553846;-0.156940967;-0.209887952;-0.266784489;-0.313928694;-0.346249759;-0.388574064;-0.413374364;-0.460932702;-0.480344743;-0.510851026;-0.552299023;-0.608146131;-0.68757093;-0.785401702;-0.887681544;-0.967954576;-1"
21,27,237.41360471566387,17.825073683100001,4.1836180330292654E-05,0.00020850865296262455,2310.908,"0;1;335;753;1076;1278;1388;1543;1725;1897;2063;2221;2368;2501;2618;2723;2819;2904;2977;3040;3098;3153;3205;3253;3298;3341;3385;3482;3538;3565;3586;3608;3624;3635;3646;3657;3666;3673;3678;3681;3684;3685;3688;3693;3697;3703;3722;3772;3877;4020;4096","1;0.999994636;0.998109519;0.995130301;0.992111862;0.989744782;0.988248944;0.98582238;0.982345462;0.978211164;0.973103166;0.966775477;0.959052205;0.949880362;0.939388573;0.927251399;0.912942171;0.896551192;0.878369212;0.858172357;0.834130406;0.804214239;0.766629219;0.720789194;0.665694773;0.601519227;0.525956988;0.338168681;0.219074532;0.15673238;0.104422539;0.0440042801;-0.00557161868;-0.0439245515;-0.087613754;-0.139940619;-0.19445236;-0.251930803;-0.311133981;-0.361023366;-0.420540243;-0.439299464;-0.48537007;-0.536345422;-0.564853132;-0.597382069;-0.664861202;-0.762197077;-0.87217021;-0.963276088;-1"
21,28,252.07292565009172,17.239816994800002,4.3254383135662529E-05,0.00021468569962879158,2315.488,"0;1;347;785;1141;1391;1560;1727;1902;2071;2227;2371;2501;2617;2723;2819;2903;2975;3039;3099;3155;3205;3250;3294;3339;3390;3467;3537;3572;3593;3608;3622;3635;3647;3657;3665;3671;3678;3685;3690;3696;3697;3700;3706;3713;3718;3736;3783;3882;4020;4096","1;0.999994874;0.998130262;0.995115995;0.991816878;0.988782108;0.986235082;0.983172238;0.979156017;0.974170208;0.968182087;0.960965395;0.952468395;0.942665339;0.931130052;0.917660952;0.902475297;0.885776639;0.866762519;0.843712509;0.815503776;0.782449782;0.744045556;0.69659102;0.636852086;0.556258917;0.415058732;0.270477057;0.190056503;0.137360469;0.0966793448;0.0555089116;0.0134192659;-0.0301877037;-0.0717072636;-0.110061146;-0.143346936;-0.189925075;-0.251264781;-0.312290519;-0.408729196;-0.424323529;-0.465006351;-0.522703469;-0.567737997;-0.59228909;-0.655588984;-0.751938403;-0.864308596;-0.960126698;-1"
21,29,267.63739981074627,16.671541076,4.3438599802399913E-05,0.00021473460634723052,2174.973,"0;1;364;815;1178;1431;1598;1741;1905;2071;2225;2370;2501;2617;2723;2819;2903;2975;3039;3099;3155;3204;3250;3295;3342;3394;3458;3529;3574;3601;3621;3639;3654;3665;3674;3682;3690;3697;3702;3709;3712;3718;3726;3737;3751;3754;3769;3811;3896;4016;4096","1;0.999995112;0.998124957;0.995122313;0.991829336;0.9887923;0.986289144;0.983713925;0.980099022;0.97543478;0.969841778;0.962978423;0.954889894;0.945628464;0.934747696;0.922067463;0.907801628;0.892165005;0.874436378;0.853071213;0.827120423;0.797658741;0.762236893;0.718449056;0.661725044;0.585833907;0.475975454;0.335956275;0.235372901;0.167953447;0.112603024;0.056799531;0.00366521487;-0.0412162766;-0.0836670548;-0.128084466;-0.182791293;-0.245466977;-0.304258436;-0.402213544;-0.439575851;-0.497162819;-0.550182045;-0.600964069;-0.647642434;-0.65606153;-0.692683935;-0.766994178;-0.863848746;-0.954041004;-1"
21,30,284.16291671438074,16.120183983099999,2.6178402532779047E-05,0.00017746168741106239,2259.695,"0;141;189;541;887;1209;1438;1577;1726;1900;2069;2227;2370;2500;2617;2724;2820;2903;2976;3042;3101;3155;3204;3249;3294;3342;3395;3457;3524;3574;3606;3629;3648;3664;3677;3687;3696;3703;3709;3714;3722;3727;3733;3745;3771;3821;3898;3984;4048;4073;4096","1;0.999341607;0.999117494;0.997195721;0.994807363;0.991909087;0.989239395;0.987273872;0.984777272;0.981175125;0.976688206;0.971238434;0.964810133;0.957221508;0.948402107;0.938025653;0.926048577;0.912785113;0.897912085;0.880730331;0.861043632;0.837899029;0.810980201;0.779628396;0.740294397;0.688096762;0.617476881;0.51836735;0.392710388;0.284787387;0.206432223;0.143093243;0.0839483067;0.0267641079;-0.0274908543;-0.0767503381;-0.130086079;-0.18104741;-0.235105097;-0.290030181;-0.38880837;-0.442186356;-0.492000312;-0.561444163;-0.652894199;-0.754950166;-0.851728261;-0.926670432;-0.970953882;-0.986458361;-1"
21,31,301.70881682725815,15.5855516536,3.3884218745871619E-05,0.00042808837664809474,2187.165,"0;151;198;565;917;1220;1437;1591;1739;1898;2067;2224;2367;2497;2617;2725;2820;2903;2976;3042;3101;3155;3204;3249;3294;3342;3396;3457;3521;3573;3608;3631;3649;3664;3676;3687;3694;3701;3706;3714;3722;3733;3736;3748;3771;3817;3893;3983;4051;4073;4096","1;0.999327302;0.999117911;0.997190952;0.994831324;0.99218452;0.989766777;0.987675667;0.985274017;0.982121706;0.977869034;0.972744048;0.966678441;0.959533155;0.951008737;0.941104114;0.929923475;0.917458415;0.903527617;0.88750577;0.869246364;0.847919405;0.823285043;0.79477936;0.759176552;0.711958945;0.646334112;0.555977583;0.442728043;0.335200578;0.25222978;0.190847069;0.137271255;0.0873267949;0.0424609035;-0.00413307734;-0.0375715531;-0.075071387;-0.10514532;-0.161191836;-0.23106353;-0.35041365;-0.382630676;-0.484143972;-0.596150041;-0.716086447;-0.82980603;-0.918554664;-0.970281184;-0.98518616;-1"
21,32,320.33810464719693,15.0673444299,2.773413076284197E-05,0.00013104440819980412,2198.960,"0;159;207;589;951;1259;1477;1628;1755;1905;2068;2223;2369;2500;2618;2725;2820;2903;2976;3042;3101;3155;3204;3249;3294;3343;3398;3458;3519;3571;3608;3632;3654;3678;3700;3717;3729;3737;3747;3753;3760;3765;3769;3779;3790;3804;3834;3886;3962;4045;4096","1;0.999324024;0.999119937;0.997190237;0.994827688;0.992179632;0.989769101;0.987728179;0.9856987;0.98282212;0.978898227;0.974091113;0.968205094;0.961346209;0.953378499;0.944103479;0.933564723;0.921851873;0.908802509;0.893859327;0.876917839;0.857248962;0.83467716;0.808709741;0.776413321;0.732635319;0.671440601;0.589148164;0.487941146;0.385883778;0.301910937;0.240418926;0.177139074;0.096812956;0.00583047513;-0.0857280344;-0.171338096;-0.243122891;-0.344281018;-0.400356352;-0.455002904;-0.487456143;-0.510248542;-0.558033109;-0.600061297;-0.643412888;-0.714179575;-0.800821722;-0.889987111;-0.962752044;-1"
21,33,340.11767494256213,14.565180678799999,2.7114470916227605E-05,0.00013796747360474149,2108.663,"0;76;220;224;270;618;985;1301;1515;1632;1768;1923;2074;2227;2369;2500;2618;2725;2820;2903;2976;3042;3101;3155;3204;3249;3294;3343;3398;3458;3518;3569;3606;3632;3656;3680;3701;3717;3729;3739;3747;3763;3768;3775;3786;3804;3835;3887;3962;4044;4096","1;0.999691546;0.999107122;0.99909091;0.998890102;0.997166753;0.994828463;0.992148578;0.989795923;0.988251567;0.986160219;0.983262241;0.979738951;0.97519052;0.969736457;0.963234484;0.95569241;0.946930408;0.936999023;0.92598778;0.913762152;0.899822712;0.884098887;0.865948796;0.845242202;0.821548879;0.792197645;0.752463698;0.696747303;0.621121824;0.528411031;0.434082896;0.354502916;0.291166872;0.225281119;0.149178177;0.0696134046;-0.00428517861;-0.0719623342;-0.1406257;-0.206088826;-0.353892386;-0.395770699;-0.446565449;-0.510264754;-0.586718559;-0.677261055;-0.778565705;-0.878152609;-0.958150804;-1"
21,34,361.11855296059167,14.0786181474,2.8915578099582507E-05,0.00014859550136889221,2193.532,"0;248;249;270;644;1020;1335;1561;1744;1914;2073;2227;2368;2498;2618;2725;2819;2903;2977;3042;3101;3155;3204;3249;3294;3344;3399;3458;3516;3568;3608;3636;3657;3679;3702;3722;3737;3749;3758;3759;3783;3794;3805;3817;3821;3827;3850;3894;3963;4043;4096","1;0.999038935;0.99903506;0.998946488;0.997163773;0.99482578;0.992194831;0.989720345;0.987187743;0.984226704;0.980718374;0.976364851;0.971227229;0.965126574;0.957879663;0.949596584;0.940345049;0.929884911;0.918256044;0.905426264;0.890828013;0.874068141;0.855054379;0.833405256;0.806686938;0.769750416;0.718788326;0.650442123;0.567550838;0.47757867;0.395798475;0.330077231;0.274743944;0.209311485;0.129248783;0.044555068;-0.0338872746;-0.110963874;-0.179782867;-0.188027248;-0.390420824;-0.462617576;-0.519770086;-0.570092797;-0.584805429;-0.605339468;-0.671281517;-0.763806999;-0.865949988;-0.95290184;-1"
21,35,383.41614946760524,13.6071723352,2.6937175251940309E-05,0.00011571353308061083,2103.677,"0;260;270;281;446;465;749;1053;1319;1559;1750;1923;2089;2238;2374;2498;2616;2725;2820;2903;2976;3042;3102;3155;3203;3249;3295;3345;3400;3458;3516;3566;3606;3635;3657;3680;3702;3722;3739;3754;3766;3791;3794;3801;3811;3826;3853;3898;3966;4045;4096","1;0.999037743;0.999000728;0.998953402;0.998242378;0.998160541;0.996737421;0.994841695;0.992706776;0.990226984;0.987696469;0.984796941;0.981239796;0.97714442;0.972360075;0.96680963;0.960077405;0.952121675;0.943293512;0.933562636;0.922834456;0.910697997;0.896882534;0.881652296;0.864571393;0.844370902;0.81941396;0.785647392;0.739000738;0.677303851;0.600641489;0.520080328;0.443580478;0.379583061;0.324902683;0.26037243;0.189093441;0.112574093;0.03431217;-0.0500633791;-0.132005334;-0.333652616;-0.356455594;-0.405553013;-0.465616465;-0.537630618;-0.632848442;-0.742045343;-0.855010033;-0.950079978;-1"
21,36,407.09053153690434,13.150332284699999,2.6520863568987482E-05,0.00013451691119281683,2295.782,"0;232;264;430;512;600;757;1037;1303;1548;1757;1933;2088;2238;2373;2498;2617;2726;2820;2902;2975;3042;3102;3155;3203;3249;3295;3345;3400;3459;3516;3566;3606;3636;3655;3678;3704;3730;3752;3769;3780;3805;3812;3818;3822;3835;3860;3903;3969;4046;4096","1;0.999179721;0.999066591;0.998389363;0.99804914;0.997632325;0.996854782;0.99519074;0.993189454;0.990808666;0.988173544;0.985322654;0.982142448;0.978218555;0.973711073;0.968404353;0.961969793;0.954430699;0.946188033;0.937163472;0.927140594;0.915659785;0.902824104;0.888743818;0.87302959;0.854525447;0.831746221;0.800979972;0.758430243;0.700815916;0.631171525;0.55620265;0.484472781;0.421974421;0.377578557;0.317582428;0.238977432;0.14380078;0.0428910255;-0.0552036539;-0.131086722;-0.324691147;-0.374207914;-0.412776709;-0.436493814;-0.503771305;-0.602363706;-0.720134139;-0.843016446;-0.945941091;-1"
21,37,432.2267100567218,12.7075741201,2.8118158461994829E-05,0.00015904571709057791,2197.430,"0;259;281;404;563;654;739;1074;1338;1553;1751;1921;2081;2230;2365;2495;2617;2725;2820;2902;2975;3042;3102;3154;3202;3247;3294;3345;3401;3459;3513;3560;3601;3641;3676;3704;3727;3748;3766;3782;3795;3796;3825;3839;3850;3853;3872;3910;3970;4043;4096","1;0.999124944;0.999050617;0.998568237;0.997921109;0.997494698;0.997096419;0.995179772;0.993218541;0.991184771;0.988806009;0.986214817;0.983129263;0.979461908;0.975240409;0.970059752;0.963823438;0.956774294;0.948929369;0.940441966;0.931051433;0.920332909;0.908402205;0.895648837;0.881238103;0.864750504;0.843621492;0.815058231;0.775427997;0.723444283;0.663027287;0.598847628;0.531794965;0.453582048;0.371340126;0.292716146;0.216055945;0.13234441;0.0454675257;-0.0481791012;-0.137680352;-0.145015106;-0.358346879;-0.442858964;-0.498410404;-0.512147486;-0.588030994;-0.701287627;-0.826405406;-0.936217129;-1"
21,38,458.91494499061156,12.2783722838,2.4172987445184063E-05,0.00014612595007457152,2099.305,"0;257;290;463;553;704;766;1109;1380;1589;1760;1925;2086;2236;2373;2501;2617;2725;2821;2903;2976;3042;3101;3153;3200;3246;3295;3347;3402;3457;3509;3558;3603;3642;3675;3704;3728;3747;3763;3777;3790;3800;3838;3849;3859;3882;3920;3973;4034;4083;4096","1;0.999170125;0.999063551;0.998409212;0.998062432;0.997386515;0.997104347;0.99518466;0.993192375;0.991221547;0.989208698;0.986790657;0.983809948;0.980265915;0.976142406;0.971232712;0.965583742;0.958924294;0.951435864;0.943436801;0.934607983;0.924736083;0.91384846;0.90208739;0.889160991;0.873785853;0.853626668;0.82685411;0.791076779;0.746020317;0.693128705;0.631989956;0.56354773;0.49182725;0.419246197;0.343371391;0.268908679;0.199679404;0.13184014;0.0630592704;-0.0106995739;-0.0747557655;-0.344766021;-0.412266165;-0.466082335;-0.567338884;-0.689849317;-0.81166321;-0.915916026;-0.983705461;-1"
21,39,487.2510694864236,11.862208663600001,2.5205807759348057E-05,0.00013454003675184012,2096.675,"0;269;304;481;575;735;796;1146;1419;1631;1794;1942;2097;2238;2375;2500;2618;2726;2822;2904;2977;3042;3099;3150;3198;3247;3297;3349;3402;3455;3508;3558;3603;3642;3676;3704;3727;3745;3766;3786;3804;3819;3834;3847;3864;3888;3922;3969;4025;4075;4096","1;0.999169648;0.999061584;0.998416245;0.998066783;0.997371614;0.997101724;0.99518019;0.993192077;0.991196215;0.989274263;0.987136722;0.984339774;0.981140971;0.977203727;0.972649515;0.967207968;0.960897863;0.953821778;0.946279705;0.93798244;0.928886771;0.919136226;0.908548892;0.896488965;0.881463647;0.862495542;0.83780843;0.806164801;0.766556859;0.717286348;0.659799814;0.596333385;0.529558539;0.45955959;0.390997022;0.324913561;0.265164405;0.183648318;0.0901104286;-0.0115625672;-0.110210389;-0.216879264;-0.30735606;-0.41223377;-0.530498862;-0.654930234;-0.779930532;-0.891090751;-0.970480621;-1"
21,40,517.33683399768302,11.458579869399999,2.4806711337306098E-05,0.00012209494971811286,2207.523,"0;283;318;501;599;764;826;1179;1459;1706;1913;2086;2232;2367;2495;2617;2726;2821;2904;2978;3042;3098;3150;3199;3247;3297;3349;3402;3455;3508;3558;3603;3643;3676;3703;3725;3747;3767;3786;3803;3819;3862;3870;3876;3882;3899;3927;3967;4017;4066;4096","1;0.999164701;0.999061346;0.998417974;0.998066366;0.997369289;0.99710238;0.995202482;0.993185103;0.990810752;0.988167107;0.985279381;0.982167482;0.978522062;0.97415328;0.968853295;0.962837994;0.956243515;0.949076176;0.941176295;0.932797968;0.92389828;0.913907528;0.902511656;0.888943315;0.871549129;0.848963737;0.820020556;0.783726215;0.738436699;0.68541044;0.626665056;0.562902153;0.499492586;0.438094825;0.379904032;0.312271565;0.240159899;0.159330428;0.0738916993;-0.0200326536;-0.31224215;-0.362491995;-0.397847027;-0.431154549;-0.515108764;-0.626446366;-0.747581184;-0.862685144;-0.952493012;-1"
21,41,549.28027165305878,11.067002822999999,2.6058523480573945E-05,0.00012727310171085915,2174.391,"0;297;332;524;624;793;857;1220;1495;1710;1906;2073;2222;2361;2497;2620;2727;2821;2904;2978;3042;3098;3150;3199;3247;3297;3349;3402;3455;3508;3558;3604;3643;3674;3700;3725;3749;3770;3790;3809;3826;3841;3854;3868;3883;3902;3929;3967;4015;4064;4096","1;0.999161601;0.999062777;0.998411655;0.998065114;0.997370124;0.997101784;0.995179474;0.993210971;0.991194665;0.988813877;0.986198306;0.983226776;0.97970891;0.975314021;0.97022754;0.964621723;0.958462536;0.951721311;0.944315016;0.936485112;0.928197443;0.918928087;0.908393323;0.895896435;0.879930317;0.859244645;0.832752883;0.799484968;0.757859051;0.708975673;0.653327048;0.595568478;0.540556073;0.486398667;0.425518095;0.356632382;0.285457522;0.205320224;0.114824422;0.0195057336;-0.0760303587;-0.164757758;-0.260599315;-0.35656929;-0.462468952;-0.584424555;-0.716000259;-0.842026114;-0.943466842;-1"
21,42,583.19608618590917,10.6870187713,2.7450596776014944E-05,0.00013095571182915322,2285.057,"0;309;348;544;649;823;889;1258;1537;1747;1917;2075;2214;2355;2489;2615;2729;2822;2904;2979;3044;3101;3151;3199;3247;3297;3349;3402;3455;3508;3559;3604;3642;3674;3701;3725;3748;3770;3790;3809;3827;3843;3857;3872;3886;3906;3933;3969;4014;4061;4096","1;0.999165595;0.999060273;0.998418212;0.998066485;0.997369826;0.997099996;0.995176911;0.993189991;0.991218269;0.989186823;0.986807585;0.984182298;0.980830431;0.976771891;0.971898675;0.966267288;0.96050036;0.954228997;0.947179615;0.939710736;0.931785166;0.92345047;0.913887978;0.902364016;0.887691557;0.868728697;0.844462097;0.813957155;0.775696039;0.729640305;0.67924273;0.627290249;0.574783027;0.522431791;0.468020737;0.407054275;0.338434368;0.264849514;0.182358086;0.0903109908;-0.00411430048;-0.0953606442;-0.197554782;-0.290951133;-0.411967158;-0.547112525;-0.687018692;-0.820683897;-0.930777848;-1"
21,43,619.20606381688901,10.3181959684,2.8533067421031702E-05,0.00013729312715765607,1936.247,"0;326;363;569;676;853;921;1296;1576;1788;1952;2088;2221;2354;2490;2616;2725;2819;2902;2977;3045;3103;3153;3200;3247;3297;3349;3402;3455;3508;3559;3604;3642;3674;3701;3725;3748;3770;3790;3809;3826;3843;3858;3888;3893;3913;3938;3971;4013;4059;4096","1;0.999157667;0.999062061;0.998410463;0.998063803;0.997372389;0.997101068;0.995176613;0.993193388;0.991199493;0.989230037;0.987210035;0.984781265;0.981759965;0.977852285;0.973222911;0.968153477;0.962698817;0.956763148;0.950186074;0.94288975;0.93533361;0.927536666;0.918818235;0.908384621;0.894886851;0.877483249;0.855237901;0.827252328;0.792081237;0.749642789;0.703111827;0.655072331;0.606461048;0.557953;0.507517397;0.451033801;0.387575656;0.319763929;0.244107276;0.165041119;0.0735120997;-0.0178310443;-0.218634188;-0.252022892;-0.377928168;-0.512669206;-0.65522337;-0.796249926;-0.918106258;-1"
21,44,657.43951056863091,9.9601311727499997,3.0068216451295066E-05,0.00014767907303533945,2025.210,"0;341;379;594;704;872;950;1003;1334;1617;1862;2065;2234;2371;2494;2610;2721;2817;2901;2977;3044;3102;3153;3200;3247;3297;3349;3402;3455;3508;3558;3604;3643;3675;3701;3725;3748;3770;3790;3807;3823;3841;3860;3878;3898;3917;3941;3973;4014;4059;4096","1;0.999156773;0.999062836;0.998405457;0.998060524;0.99742043;0.997116446;0.996890008;0.995178223;0.993181467;0.990815639;0.988162041;0.985240579;0.982206583;0.978788376;0.974761128;0.969932079;0.964710474;0.959079981;0.952831984;0.946116209;0.939093232;0.93171072;0.923629701;0.913993299;0.901558399;0.885570765;0.865160644;0.839473307;0.807135463;0.768887997;0.725082219;0.679396629;0.634185672;0.590828538;0.544132411;0.491840631;0.433143318;0.370538086;0.308753908;0.241898477;0.154792204;0.0477090813;-0.066937834;-0.202016011;-0.326616675;-0.46683681;-0.620577395;-0.775008619;-0.908616304;-1"
21,45,698.03371658281912,9.6124501154599997,3.0339163836618041E-05,0.00014768178114261954,2211.812,"0;373;402;569;773;849;978;1039;1376;1654;1867;2058;2220;2364;2494;2615;2725;2819;2902;2977;3045;3105;3155;3200;3247;3297;3349;3402;3455;3508;3558;3604;3643;3675;3701;3725;3748;3770;3789;3806;3824;3843;3862;3879;3916;3923;3947;3978;4017;4059;4096","1;0.999117076;0.999048471;0.998554945;0.997918785;0.997629166;0.997137547;0.996883214;0.99515897;0.993201315;0.991189003;0.988815129;0.98619473;0.9832142;0.979806304;0.975806534;0.971236348;0.966382563;0.961127698;0.955331683;0.94894433;0.942120314;0.935330153;0.928129852;0.9192155;0.907751501;0.893048584;0.87430352;0.850712776;0.820971727;0.785727203;0.745297432;0.703090966;0.661296546;0.621200442;0.578005612;0.529631674;0.475351274;0.420624375;0.36408931;0.294787437;0.209029138;0.10839165;0.00551614538;-0.242338747;-0.288655311;-0.43640691;-0.597297609;-0.758975089;-0.89793849;-1"
21,46,741.13444910694761,9.2748071477800007,3.2779533180420841E-05,0.00015389426808372353,2069.850,"0;390;420;594;802;882;1013;1074;1415;1696;1903;2068;2223;2372;2500;2618;2724;2817;2902;2977;3044;3102;3152;3199;3247;3297;3349;3402;3455;3508;3558;3602;3641;3674;3701;3724;3747;3770;3789;3805;3820;3838;3859;3882;3922;3923;3951;3981;4018;4058;4096","1;0.999116123;0.999048114;0.998550177;0.997921169;0.997622728;0.99713403;0.996884048;0.995158434;0.993181825;0.991218269;0.989200771;0.98679173;0.98383373;0.980605125;0.976882458;0.972708464;0.968194604;0.963138461;0.957696021;0.951810002;0.94568938;0.93943125;0.932496488;0.924085736;0.913501859;0.899965405;0.882734656;0.861055434;0.833691418;0.801210403;0.765695333;0.727104127;0.687598407;0.649221659;0.611081421;0.566666663;0.514395535;0.463826329;0.414894104;0.362733155;0.290635586;0.191096395;0.060892377;-0.20501335;-0.211837426;-0.394756109;-0.563876092;-0.734083831;-0.882585526;-1"
21,47,786.89647592100027,8.9468841807500006,3.148000121204183E-05,0.00017834378137870921,2211.781,"0;389;433;667;788;991;1068;1211;1274;1519;1737;1944;2104;2236;2364;2490;2612;2721;2817;2900;2977;3045;3102;3153;3199;3246;3297;3350;3403;3456;3508;3557;3601;3640;3673;3701;3725;3747;3768;3789;3810;3833;3858;3883;3907;3913;3958;3984;4017;4055;4096","1;0.999155641;0.999060154;0.998410821;0.998065174;0.997341335;0.997059822;0.996421754;0.996134102;0.994755805;0.993169963;0.991193593;0.989221334;0.987195075;0.984770477;0.98180604;0.978208899;0.974189162;0.969804466;0.96516639;0.9599334;0.954324782;0.948697627;0.942740202;0.936421573;0.928803325;0.918847203;0.906101346;0.890179813;0.870154381;0.845390737;0.81611824;0.783492386;0.748025775;0.711722076;0.675050199;0.638150454;0.598763943;0.554999053;0.503745377;0.443156153;0.363322467;0.25643453;0.124385826;-0.02614237;-0.0665705204;-0.372507244;-0.529086947;-0.69762367;-0.857351363;-1"
21,48,835.48412108359003,8.6283890820100009,2.7716030152401131E-05,0.00013064664804356835,2130.874,"0;388;408;452;694;818;1026;1104;1247;1312;1557;1773;1933;2096;2242;2377;2497;2616;2737;2848;2958;3063;3155;3233;3297;3352;3404;3456;3508;3557;3601;3640;3673;3702;3725;3744;3765;3788;3811;3835;3859;3881;3902;3956;3957;3971;3994;4022;4052;4079;4096","1;0.999193251;0.999151647;0.999060154;0.998409152;0.998065293;0.997338533;0.997058809;0.99642843;0.996134996;0.994766176;0.993197322;0.991718113;0.989835322;0.987700105;0.985231996;0.98250258;0.979148507;0.974839151;0.969797671;0.963347435;0.955222547;0.945735514;0.935105979;0.9238168;0.91155839;0.897082031;0.878960967;0.856156468;0.829164922;0.799045622;0.766277909;0.732730091;0.697523117;0.66474998;0.633657038;0.594101787;0.543030858;0.481711626;0.403719127;0.307498038;0.199739456;0.0777265206;-0.291379422;-0.298256546;-0.39226076;-0.535009444;-0.687392592;-0.827554703;-0.937322378;-1"
21,49,887.07185499315597,8.3190536939400008,2.8496434166152841E-05,0.00013190081457715302,2396.255,"0;424;473;719;849;1061;1141;1284;1354;1595;1743;1928;2104;2248;2383;2501;2615;2734;2852;2964;3065;3154;3231;3296;3352;3404;3456;3508;3557;3600;3640;3674;3700;3722;3744;3764;3784;3806;3828;3850;3871;3891;3910;3925;3966;3972;3996;4024;4054;4080;4096","1;0.999155223;0.999057591;0.998415053;0.998064756;0.997337997;0.997056246;0.996432364;0.996119559;0.994777262;0.993748069;0.992159426;0.990211666;0.988190472;0.985821068;0.98325181;0.980196655;0.976204872;0.971141577;0.964887142;0.957477212;0.948898196;0.9391886;0.928624332;0.917118728;0.903770566;0.887079239;0.866067827;0.841170907;0.814058423;0.783078671;0.751039743;0.721965671;0.693462193;0.660530865;0.625867069;0.585650563;0.533436835;0.470710814;0.394696385;0.306768924;0.206541434;0.0953221843;-0.00263036718;-0.29297629;-0.335079521;-0.495376885;-0.662041664;-0.816789865;-0.934164345;-1"
21,50,941.84492088302716,8.0186315863199997,2.7075730617376783E-05,0.00012633120099247996,2065.280,"0;522;523;524;525;848;881;1082;1177;1327;1387;1565;1773;1957;2103;2289;2467;2613;2740;2856;2963;3063;3152;3228;3293;3350;3404;3457;3508;3557;3601;3639;3672;3700;3724;3745;3765;3786;3807;3829;3850;3869;3888;3907;3928;3971;3972;3997;4024;4056;4096","1;0.999003172;0.999001265;0.998999119;0.998996496;0.998150051;0.998063564;0.997388065;0.997059107;0.996411383;0.996145725;0.995200753;0.993824184;0.992250264;0.990682781;0.988120496;0.984816194;0.981220901;0.977174401;0.972422779;0.966782331;0.959932864;0.951961339;0.943115473;0.933423877;0.922698617;0.90995878;0.894237101;0.875197232;0.852223754;0.826532423;0.799335539;0.770827234;0.742049336;0.713124096;0.683789432;0.651541054;0.612089574;0.56550324;0.507048786;0.439638168;0.366540819;0.279694319;0.177344725;0.0459454209;-0.262059152;-0.269379079;-0.447512507;-0.623290122;-0.805870295;-1"
21,51,999.99999999999977,7.7268956260800001,2.4302152173886812E-05,0.00011888467694975979,2215.460,"0;511;537;625;867;919;1078;1249;1312;1475;1543;1620;1818;1943;2099;2280;2454;2610;2741;2857;2964;3063;3152;3228;3293;3350;3404;3457;3508;3557;3601;3639;3671;3699;3723;3743;3762;3784;3807;3828;3846;3864;3884;3906;3928;3948;3986;3999;4025;4056;4096","1;0.999064445;0.999016821;0.998798966;0.998181641;0.998049021;0.997523665;0.996923864;0.99664706;0.995913744;0.995540082;0.995116949;0.993780494;0.992743552;0.991171896;0.98881954;0.985809922;0.98221904;0.978275537;0.973784089;0.96845746;0.962086618;0.95462805;0.946386158;0.937387943;0.927456617;0.915685117;0.901179373;0.883612752;0.862404168;0.838665187;0.813518465;0.788026631;0.761572242;0.735003829;0.709450483;0.681657314;0.644204199;0.597450852;0.546131909;0.493908077;0.432345748;0.350719661;0.241955563;0.111379944;-0.024913393;-0.308472186;-0.405042887;-0.58793813;-0.783189952;-1"
21,52,1061.7459178549786,7.4436355134300003,2.3961653394825848E-05,0.00012955964119143459,1905.962,"0;549;569;592;914;953;1109;1288;1355;1514;1566;1654;1699;1935;2130;2295;2461;2608;2740;2855;2963;3063;3152;3227;3291;3350;3405;3457;3508;3557;3601;3639;3671;3699;3723;3743;3762;3784;3807;3828;3845;3865;3884;3904;3926;3949;3975;3976;4025;4057;4096","1;0.999036014;0.999000907;0.998944104;0.998143852;0.998046935;0.99753958;0.996920168;0.996627867;0.995917201;0.995631874;0.995149076;0.994880259;0.993157506;0.991245985;0.989137471;0.986356139;0.983140647;0.979388475;0.975199461;0.970155776;0.964117348;0.957138896;0.949564338;0.941373646;0.931881547;0.920767307;0.907594085;0.891376376;0.87178725;0.849843442;0.826583922;0.803000569;0.778529167;0.753960133;0.730338871;0.704656482;0.670059621;0.62687856;0.579468369;0.534079552;0.470717311;0.398353755;0.306786716;0.18521139;0.0342403501;-0.159330279;-0.167072102;-0.54327774;-0.764683723;-1"
21,53,1127.3043940817106,7.1686553746400001,2.5446820925029384E-05,0.00015015226697001616,2154.939,"0;558;565;756;937;987;1147;1326;1395;1555;1600;1692;1739;1973;2173;2322;2453;2601;2735;2851;2961;3063;3151;3225;3291;3351;3405;3457;3508;3557;3601;3639;3671;3699;3723;3742;3763;3785;3806;3826;3846;3865;3883;3905;3927;3947;3964;4021;4029;4060;4096","1;0.999060035;0.999048233;0.998606443;0.998167753;0.998046577;0.997533739;0.996922553;0.996623278;0.995910585;0.995663822;0.995159388;0.994879186;0.993165195;0.991187751;0.989270091;0.987162709;0.984130263;0.980565727;0.976610839;0.971805394;0.96603477;0.959578753;0.952639103;0.944806337;0.935829341;0.925706506;0.913528264;0.898543835;0.880439758;0.860147119;0.838625073;0.816798091;0.794152677;0.771422088;0.750742197;0.724495828;0.692283273;0.65587467;0.61470437;0.56554091;0.509563088;0.446241975;0.352244675;0.236676171;0.111226417;-0.00980745442;-0.463917047;-0.527125716;-0.759376645;-1"
21,54,1196.9108385962368,6.9017714050299999,2.3019410505317345E-05,9.4529072559537686E-05,2107.739,"0;580;610;697;966;1021;1186;1365;1437;1596;1611;1785;2011;2241;2449;2609;2734;2851;2963;3063;3150;3226;3292;3351;3405;3457;3508;3557;3601;3639;3672;3699;3721;3742;3764;3784;3804;3824;3845;3865;3882;3901;3922;3943;3963;3982;4001;4003;4045;4070;4096","1;0.999062359;0.999013841;0.998814404;0.998178005;0.998047888;0.997526467;0.996922135;0.996611357;0.995904684;0.99582237;0.994837403;0.993171751;0.990829647;0.987850964;0.984724998;0.98156023;0.977797985;0.973173082;0.967840254;0.961872041;0.955210745;0.947889268;0.939673066;0.93029207;0.919024706;0.905167639;0.88842535;0.869649887;0.849728048;0.828827143;0.808552325;0.789392173;0.768380761;0.742858708;0.71579653;0.684146762;0.646755338;0.599675834;0.545391083;0.490199208;0.416451931;0.317181319;0.196464285;0.0606917776;-0.0849526972;-0.24174127;-0.258624047;-0.61202091;-0.809725761;-1"
21,55,1270.8151969159328,6.64280970139,2.5356806640042273E-05,0.00012878667957133549,2200.715,"0;633;644;664;1021;1056;1221;1405;1470;1634;1702;1770;1981;2249;2466;2620;2743;2855;2959;3057;3147;3225;3292;3351;3406;3458;3509;3557;3601;3640;3672;3698;3721;3743;3764;3784;3805;3825;3844;3863;3882;3902;3923;3943;3961;3977;3992;4045;4049;4072;4096","1;0.999017537;0.99900049;0.998954475;0.998129189;0.998048246;0.997533917;0.996918738;0.996639252;0.995915651;0.995542347;0.995168984;0.993732154;0.991173923;0.988159537;0.985236764;0.982233942;0.978783607;0.974735737;0.969885468;0.964166045;0.95781374;0.950896025;0.943256736;0.934373081;0.923891902;0.911012053;0.895801485;0.87842077;0.859434366;0.840610623;0.822582006;0.804089189;0.783642173;0.761024296;0.73599714;0.70514667;0.670289099;0.630926192;0.583898008;0.527261317;0.454682767;0.360850096;0.25160107;0.135062099;0.0171697885;-0.103996553;-0.571566701;-0.606892705;-0.804952919;-1"
21,56,1349.2828476735629,6.3916042957399997,2.3785943842421537E-05,0.00010381563812623951,1935.669,"0;631;658;770;1035;1092;1259;1444;1539;1644;1771;1815;2018;2229;2438;2607;2739;2857;2965;3061;3147;3224;3292;3352;3406;3459;3511;3559;3599;3635;3670;3703;3734;3762;3786;3805;3825;3844;3864;3883;3902;3921;3939;3956;3974;3993;4012;4022;4062;4078;4096","1;0.999059439;0.999019206;0.998775899;0.998176634;0.998047769;0.997533083;0.996920824;0.996513426;0.996063173;0.995382488;0.995140493;0.99374783;0.991813779;0.989161313;0.986224711;0.983221173;0.979791582;0.975790679;0.971261442;0.966108978;0.960249126;0.953707635;0.946464121;0.938349783;0.928422332;0.916176379;0.901961148;0.887332261;0.871391535;0.852669895;0.831259191;0.806790769;0.779901505;0.752096295;0.726080656;0.693852305;0.657455862;0.611425459;0.558415055;0.49401629;0.415530533;0.325590461;0.224750355;0.10003607;-0.0508764014;-0.217986077;-0.310461044;-0.689725578;-0.838307261;-1"
21,57,1432.5955555491469,6.1479953948499997,2.2355568492764801E-05,0.00010374332501854322,2013.250,"0;686;698;717;1088;1129;1297;1484;1551;1714;1780;1856;2056;2264;2437;2592;2734;2857;2962;3060;3149;3226;3293;3352;3407;3460;3510;3557;3599;3636;3670;3703;3734;3762;3785;3805;3825;3844;3864;3884;3903;3921;3939;3957;3974;3990;4007;4024;4032;4083;4096","1;0.999017596;0.999000371;0.998958528;0.998137116;0.998046339;0.99753356;0.996919632;0.996632874;0.995916486;0.995552599;0.995133579;0.993754208;0.991840363;0.98969543;0.987181962;0.984177172;0.980813563;0.977157414;0.972827017;0.967810094;0.962289989;0.956241667;0.949594796;0.941898465;0.932645679;0.921732843;0.908927917;0.894761145;0.879533052;0.86262691;0.842776477;0.820097983;0.795188308;0.77061522;0.745373964;0.715563953;0.681901991;0.6393103;0.587338805;0.526893139;0.457176536;0.372715384;0.270960838;0.157211512;0.0340094231;-0.112901181;-0.273258388;-0.352122456;-0.870522559;-1"
21,58,1521.0524830414911,5.9118278656500003,2.3455727303913423E-05,0.00011013135654788786,2096.273,"0;686;713;829;1104;1167;1335;1524;1591;1754;1821;1897;2094;2268;2437;2594;2739;2860;2965;3062;3150;3227;3293;3352;3407;3460;3510;3556;3599;3637;3671;3702;3734;3761;3782;3802;3822;3843;3864;3884;3903;3921;3939;3956;3973;3989;4003;4017;4034;4091;4096","1;0.999055743;0.99901855;0.998777509;0.998180687;0.998044014;0.997535229;0.996919274;0.996632814;0.995916963;0.995546401;0.995126069;0.993759334;0.992188096;0.99019587;0.987773001;0.984849274;0.981692314;0.978220046;0.974160612;0.96947962;0.964294136;0.958717108;0.952520192;0.945358276;0.936766922;0.92664212;0.915050685;0.901633143;0.887090623;0.871321023;0.854029;0.832384109;0.810201108;0.789731324;0.766915798;0.740026653;0.706211984;0.665017545;0.616871715;0.560753763;0.495791644;0.416638523;0.326285869;0.218522221;0.0998443365;-0.0178731326;-0.147677436;-0.318934917;-0.9447245;-1"
21,59,1614.9712647124829,5.6829499701500001,2.7048600662835364E-05,0.00013565731083245436,1994.338,"0;741;755;780;1166;1203;1374;1564;1648;1750;1921;2076;2245;2427;2606;2757;2872;2971;3065;3150;3226;3292;3352;3408;3461;3511;3557;3598;3636;3672;3704;3733;3759;3782;3802;3822;3843;3864;3883;3902;3921;3938;3955;3973;3993;4014;4035;4054;4069;4088;4096","1;0.999019206;0.999000669;0.998947859;0.998125851;0.998047054;0.997534811;0.996919572;0.996560454;0.996124387;0.995212317;0.994191825;0.992783904;0.990797758;0.988169968;0.985200584;0.982278585;0.979129255;0.975378871;0.971119463;0.966325164;0.961128652;0.955257535;0.948452234;0.940431893;0.930992782;0.920183539;0.908317208;0.894892991;0.879393339;0.862677813;0.844428301;0.824823499;0.80418992;0.783053041;0.758154273;0.726854384;0.68872112;0.646577895;0.595060527;0.53156811;0.462037444;0.37783435;0.269762844;0.123693042;-0.060922645;-0.275554627;-0.490238577;-0.66892314;-0.901345193;-1"
21,60,1714.6891477615698,5.46121233604,2.7259439803572068E-05,0.00014743370465984673,2021.291,"0;749;755;956;1181;1242;1414;1604;1693;1799;1930;2019;2239;2432;2603;2746;2869;2971;3063;3148;3225;3292;3352;3408;3461;3511;3556;3598;3636;3671;3704;3733;3759;3781;3802;3823;3843;3863;3883;3903;3921;3938;3955;3973;3993;4014;4034;4052;4069;4086;4096","1;0.999046266;0.999038637;0.998643041;0.998172402;0.998044789;0.997532308;0.996920407;0.996539652;0.99608624;0.995382249;0.994857848;0.99318403;0.991182983;0.988797843;0.98617065;0.98325491;0.980199635;0.976752818;0.972766519;0.968232393;0.963300169;0.957820237;0.951476991;0.944018364;0.935242772;0.925448835;0.914191961;0.901727676;0.88777709;0.871816576;0.854875326;0.836681783;0.818446279;0.797951639;0.773622692;0.745896697;0.712437212;0.671542883;0.620949149;0.564694703;0.499747872;0.420612872;0.318105727;0.177549675;-0.00396133959;-0.209921718;-0.420188189;-0.635865271;-0.862996578;-1"
21,61,1820.5642030260797,5.2464671511700001,2.5537196406360756E-05,0.0001293309976991841,2012.208,"0;769;806;906;1217;1281;1453;1645;1708;1875;1949;2022;2277;2466;2613;2748;2865;2971;3066;3148;3222;3289;3351;3409;3463;3511;3555;3597;3636;3671;3703;3732;3759;3783;3804;3823;3843;3863;3883;3903;3921;3938;3955;3973;3993;4014;4034;4053;4071;4087;4096","1;0.999057591;0.999012232;0.998814881;0.998175085;0.998043478;0.997533739;0.996917367;0.996647477;0.995911241;0.995496988;0.995088339;0.993181169;0.991209269;0.989192784;0.986818612;0.984202027;0.981214941;0.977849543;0.974216759;0.970146954;0.965570152;0.960313976;0.954187989;0.947065651;0.93919903;0.930322051;0.919917166;0.908064067;0.895103693;0.880769432;0.865133524;0.847648501;0.829046428;0.809733689;0.789162934;0.763472021;0.732477009;0.694584548;0.647652924;0.595354319;0.534758627;0.460527629;0.363585442;0.228940606;0.0516115166;-0.154916555;-0.384753495;-0.628965318;-0.863030314;-1"
21,62,1932.9766107558432,5.03856757417,2.5112610159260962E-05,0.00013129391515975808,1808.609,"0;832;847;871;1277;1321;1487;1686;1748;1915;1988;2061;2315;2504;2646;2763;2873;2970;3061;3144;3221;3290;3351;3409;3463;3511;3555;3597;3636;3671;3703;3732;3759;3783;3804;3824;3843;3863;3883;3903;3921;3938;3955;3973;3993;4014;4034;4053;4071;4086;4096","1;0.999018192;0.99900049;0.99895227;0.998130083;0.998040974;0.997551262;0.996914506;0.996648431;0.995910347;0.995499671;0.995088995;0.993176877;0.991187155;0.98922205;0.987186968;0.984807968;0.982207358;0.979189456;0.975770593;0.97182107;0.967403293;0.96255815;0.95684123;0.950202763;0.942884147;0.934628665;0.924957871;0.913941026;0.901894867;0.888571441;0.874041915;0.857798219;0.840524077;0.822601736;0.802428961;0.779704392;0.750979483;0.715858459;0.672324359;0.623723209;0.567239106;0.497719049;0.406270534;0.27778551;0.105511613;-0.100115977;-0.335722268;-0.593839288;-0.831730962;-1"
21,63,2052.3300257791693,4.8373673331499996,2.5611755063436748E-05,0.00013107742737961114,1942.913,"0;873;874;909;917;1318;1359;1530;1726;1795;1955;1981;2138;2353;2567;2742;2866;2968;3060;3142;3220;3290;3353;3410;3463;3511;3555;3597;3636;3671;3702;3731;3759;3784;3805;3824;3843;3863;3883;3903;3921;3938;3955;3973;3993;4014;4034;4053;4071;4086;4096","1;0.999007583;0.99900645;0.998941422;0.998925447;0.998125076;0.998043239;0.997541726;0.996916115;0.996619225;0.995908916;0.995761871;0.994841993;0.993171215;0.990848601;0.988202512;0.985731423;0.98317492;0.980304599;0.977140844;0.973393202;0.969201267;0.964499176;0.959221601;0.95313549;0.946317315;0.938637018;0.929640532;0.919395804;0.9081949;0.896230042;0.882804573;0.867198229;0.850416601;0.83364284;0.81578511;0.794705689;0.768070936;0.735507727;0.69512248;0.649969459;0.597355962;0.532334208;0.446253031;0.324054718;0.157517821;-0.0458831191;-0.285682827;-0.556799471;-0.814073443;-1"
21,64,2179.053026962235,4.6427204862,2.713228947123745E-05,0.00015798398100375088,2040.958,"0;907;910;913;914;1352;1399;1566;1767;1860;1964;2091;2138;2387;2577;2740;2857;2963;3063;3146;3221;3291;3354;3410;3463;3511;3555;3597;3636;3671;3702;3731;3759;3784;3805;3824;3843;3863;3883;3903;3921;3938;3955;3973;3993;4014;4034;4053;4071;4086;4096","1;0.999006152;0.999002874;0.998999298;0.998997331;0.998134792;0.998042226;0.997554183;0.996913493;0.996511996;0.996063054;0.99536097;0.995093763;0.993198812;0.991172194;0.988824248;0.986638725;0.984167039;0.98123008;0.97818464;0.974776328;0.970829844;0.966411114;0.961554825;0.955877304;0.949522197;0.94237113;0.934001207;0.924466312;0.914046168;0.902914286;0.890423894;0.875911236;0.860310912;0.844726264;0.828143537;0.80857873;0.783869445;0.753666341;0.716194987;0.674251258;0.625271142;0.564522982;0.483641952;0.367757469;0.20746702;0.00745852711;-0.234953716;-0.517959177;-0.795002639;-1"
21,65,2313.6006561666863,4.4544813241899996,2.9742010246720313E-05,0.00019779850172807478,2030.629,"0;907;915;1103;1113;1390;1439;1612;1807;1867;2034;2106;2177;2426;2611;2750;2863;2970;3064;3146;3221;3293;3354;3410;3463;3511;3555;3597;3636;3671;3702;3731;3759;3784;3805;3824;3843;3863;3883;3903;3921;3938;3955;3973;3993;4014;4034;4053;4071;4086;4096","1;0.999041617;0.999033153;0.998695314;0.998675883;0.998137057;0.998041749;0.99753648;0.996915102;0.996655107;0.99590975;0.995498061;0.995092094;0.993181884;0.991191745;0.989219368;0.98719579;0.98480159;0.982174754;0.979333341;0.976132333;0.972306013;0.96828723;0.963745773;0.958440661;0.952516258;0.945854962;0.938058913;0.929183602;0.919481158;0.909120977;0.897496164;0.883993268;0.869482696;0.854995966;0.839586437;0.821417928;0.79848218;0.770456254;0.735680103;0.696719229;0.651139975;0.594435036;0.518557608;0.408934951;0.255247474;0.0596291944;-0.183853492;-0.477457196;-0.77447927;-1"
21,66,2456.4560522315796,4.2725043853400004,2.8008347569974307E-05,0.00019982815949792787,1887.958,"0;962;966;1056;1073;1438;1480;1647;1848;1909;2073;2145;2216;2465;2646;2756;2864;2964;3062;3151;3226;3293;3353;3410;3463;3511;3555;3597;3636;3671;3702;3731;3759;3784;3805;3824;3843;3863;3883;3903;3921;3938;3955;3973;3993;4014;4034;4053;4070;4084;4096","1;0.999019206;0.999015093;0.998855412;0.998822689;0.998120666;0.998039901;0.997552812;0.996912241;0.996646881;0.995912135;0.995498002;0.99508971;0.993163586;0.991197765;0.989662707;0.987824142;0.985717952;0.983158946;0.980241477;0.977185428;0.97382015;0.97012192;0.965802014;0.960846543;0.955316126;0.949105799;0.94184041;0.933573246;0.924537957;0.91489017;0.90406692;0.891493618;0.877993345;0.864515662;0.850191355;0.833308935;0.812009215;0.785991073;0.75370574;0.717513204;0.67511034;0.622217476;0.551127136;0.447651029;0.30079183;0.110393666;-0.132692292;-0.416516304;-0.706519246;-1"
21,67,2608.1321858470369,4.0966445580500004,2.562967795875168E-05,0.0001447918348798094,1967.520,"0;993;1016;1024;1478;1519;1691;1888;1954;2113;2138;2292;2501;2709;2878;2994;3075;3155;3230;3294;3353;3409;3460;3511;3555;3595;3635;3675;3714;3752;3788;3819;3844;3865;3884;3904;3920;3934;3953;3974;3993;4007;4016;4024;4035;4046;4057;4067;4076;4086;4096","1;0.999022603;0.998999953;0.998984754;0.998120308;0.998042285;0.997541904;0.996913552;0.996625185;0.995908082;0.995763421;0.994839489;0.993170381;0.990840018;0.988183916;0.98576498;0.983664691;0.981146038;0.978235126;0.975193381;0.971776366;0.967811763;0.963387132;0.95793879;0.952142119;0.945723295;0.937883735;0.92817533;0.916303277;0.901601136;0.883657277;0.863739967;0.843426585;0.82233721;0.799025297;0.768704236;0.738831282;0.707390904;0.654420793;0.577257872;0.483988404;0.395884037;0.328179747;0.259271324;0.148662105;0.0160989817;-0.143012255;-0.31505239;-0.495728999;-0.728958249;-1"
21,68,2769.1737015492749,3.9267572480599999,2.298101112442611E-05,0.00012020760059870683,2142.983,"0;1031;1051;1083;1513;1560;1732;1928;1993;2151;2201;2319;2370;2427;2580;2718;2876;3023;3140;3243;3331;3403;3463;3511;3553;3593;3634;3676;3716;3754;3787;3816;3842;3864;3882;3899;3916;3935;3955;3975;3993;4007;4017;4025;4035;4046;4057;4067;4076;4086;4096","1;0.999019802;0.999000788;0.998941183;0.998129904;0.998041213;0.997540414;0.996914625;0.996629357;0.995914936;0.995623946;0.99492079;0.99454689;0.994129002;0.99275434;0.991179883;0.988817632;0.985830903;0.982619226;0.978865921;0.974603891;0.970059931;0.965213716;0.960389018;0.955250859;0.949321568;0.941886246;0.932379484;0.920928121;0.907046914;0.89167726;0.874613643;0.855383873;0.835133374;0.814932406;0.791924536;0.76396662;0.724981606;0.67195785;0.601773143;0.518040836;0.434517652;0.362077236;0.294713765;0.196354881;0.0660778433;-0.0928765684;-0.268064737;-0.455836087;-0.703925729;-1"
21,69,2940.1588734512993,3.7626985872900001,2.619896745377778E-05,0.00016910927235991302,2030.973,"0;728;1080;1082;1120;1127;1559;1600;1774;1968;2036;2191;2212;2367;2516;2699;2889;3038;3151;3248;3334;3404;3462;3511;3554;3594;3635;3676;3716;3754;3787;3816;3842;3864;3882;3899;3916;3935;3955;3975;3993;4007;4017;4025;4035;4046;4057;4067;4076;4086;4096","1;0.999331057;0.999007642;0.999005795;0.998940706;0.998927593;0.998119116;0.998042405;0.997536004;0.996915519;0.996615589;0.995909631;0.995786667;0.994847417;0.993692935;0.991850734;0.989168108;0.986217737;0.983202815;0.979798555;0.975841522;0.971663892;0.96728313;0.962689519;0.957764685;0.952204585;0.945230484;0.936552942;0.925874233;0.912932754;0.898608327;0.882714391;0.864814699;0.845977426;0.827195108;0.805810809;0.779825985;0.743572176;0.694183171;0.628589332;0.549911559;0.470898151;0.401895612;0.3373079;0.242228657;0.114793636;-0.0431595445;-0.220547929;-0.414637685;-0.677372873;-1"
21,70,3121.7016817320109,3.6043256661599998,2.8816247255109501E-05,0.00028018978113575344,1877.880,"0;728;1117;1121;1126;1127;1593;1642;1814;2009;2049;2184;2187;2236;2495;2706;2884;3026;3147;3249;3334;3404;3462;3511;3553;3593;3635;3677;3717;3754;3787;3816;3842;3864;3882;3899;3916;3935;3955;3975;3993;4007;4017;4025;4035;4046;4057;4067;4076;4086;4096","1;0.99935317;0.999007523;0.999003947;0.998999;0.998997152;0.998131156;0.99804008;0.997537851;0.996911705;0.996734381;0.99613589;0.996122539;0.995874166;0.994177699;0.99217695;0.989797413;0.987191021;0.984202206;0.980845749;0.97716397;0.973246694;0.969145417;0.964848995;0.960361838;0.955195904;0.948542953;0.940226257;0.930202782;0.91841203;0.905058742;0.890245378;0.873574197;0.856042683;0.838571012;0.818687022;0.794527829;0.760809779;0.714813232;0.653547883;0.579708457;0.505098701;0.439530045;0.377785861;0.286200583;0.162075698;0.00589697389;-0.172748506;-0.372301221;-0.649310052;-1"
21,71,3314.4540173399851,3.45149677164,2.9227995723296624E-05,0.00014312611486937132,1938.800,"0;1134;1155;1156;1199;1209;1639;1682;1858;2049;2088;2280;2534;2738;2892;3028;3142;3249;3336;3404;3463;3512;3553;3593;3635;3677;3717;3754;3787;3816;3842;3864;3882;3899;3916;3935;3955;3975;3993;4007;4017;4025;4035;4046;4057;4067;4075;4081;4086;4091;4096","1;0.999025106;0.999007046;0.999006152;0.998933852;0.998915374;0.998121142;0.998041689;0.99752748;0.996912003;0.996738195;0.995843709;0.99416399;0.992214739;0.990195632;0.98781383;0.985168576;0.981874108;0.978316724;0.974736929;0.970820189;0.96678251;0.962679625;0.957853854;0.951640785;0.943877995;0.9345209;0.923519492;0.911063433;0.897251606;0.881717622;0.865391195;0.849132657;0.830634415;0.808165073;0.77679801;0.733964622;0.676769972;0.607542217;0.537203372;0.475031585;0.416159719;0.328219295;0.207786903;0.0540760309;-0.12490847;-0.303929836;-0.464751035;-0.619760692;-0.797061741;-1"
21,72,3519.1080228287651,3.30407161693,2.5324745520540562E-05,0.0001294000549836305,1988.291,"0;1175;1201;1228;1683;1724;1892;2089;2153;2307;2368;2439;2619;2778;2924;3040;3148;3249;3331;3403;3465;3516;3559;3598;3637;3678;3718;3754;3787;3816;3842;3864;3882;3899;3916;3935;3955;3975;3993;4007;4017;4025;4035;4046;4057;4067;4075;4081;4086;4091;4096","1;0.999022067;0.999000371;0.998951256;0.998115182;0.998039842;0.997547984;0.996912062;0.996625304;0.995913804;0.995549798;0.995126128;0.993759334;0.992164075;0.990221024;0.988211215;0.985797048;0.982845604;0.979720116;0.976198196;0.972328961;0.968345225;0.964230716;0.959713757;0.954230487;0.947095275;0.938306093;0.928282857;0.916656673;0.9037745;0.889292717;0.874083161;0.858943939;0.841727376;0.820820987;0.791633904;0.751745582;0.69837147;0.633523643;0.567303538;0.508463323;0.452461153;0.368260652;0.25182268;0.101187557;-0.0772604272;-0.259184182;-0.425623357;-0.588761926;-0.778594732;-1"
21,73,3736.3985777291473,3.1619115553900001,2.8549013987763442E-05,0.00014030404326770274,2048.821,"0;1186;1187;1220;1373;1687;1766;1934;2129;2190;2346;2406;2476;2654;2810;2924;3041;3163;3251;3320;3391;3465;3532;3590;3639;3680;3718;3754;3787;3816;3842;3864;3882;3899;3916;3935;3955;3975;3993;4007;4017;4025;4035;4046;4057;4067;4075;4081;4086;4091;4096","1;0.999043822;0.999042988;0.999016404;0.998757243;0.998182714;0.998038113;0.997543871;0.996911883;0.996637046;0.995912254;0.995551944;0.995131552;0.993774056;0.992199063;0.990721345;0.988806427;0.986179113;0.983698964;0.981265008;0.978131533;0.973895729;0.968816102;0.963024259;0.956671178;0.949932098;0.942089558;0.932727396;0.921874166;0.90985167;0.896344066;0.882166982;0.868064165;0.852034271;0.832573116;0.805407524;0.768259466;0.718463778;0.657762408;0.595494986;0.53990078;0.486738205;0.406323731;0.294107646;0.147069573;-0.0300229117;-0.213983998;-0.385409355;-0.556364834;-0.758926153;-1"
21,74,3967.1059373830649,3.0248797645100001,2.618449642209014E-05,0.00015061396807236616,1963.143,"0;1259;1279;1309;1760;1806;1977;2168;2228;2385;2452;2521;2754;2923;3053;3166;3248;3321;3395;3468;3533;3590;3638;3680;3718;3754;3787;3816;3842;3864;3882;3899;3916;3935;3955;3975;3993;4007;4017;4025;4035;4046;4057;4067;4075;4081;4085;4089;4092;4094;4096","1;0.999016166;0.99900049;0.998946488;0.998124123;0.998040199;0.9975366;0.996915996;0.996644139;0.995910347;0.995505333;0.995088279;0.993180156;0.991213083;0.989175737;0.986840904;0.984662533;0.98224777;0.979152203;0.975179911;0.970525205;0.965188026;0.959386885;0.952952623;0.945621908;0.936878622;0.926739991;0.915515423;0.90291369;0.889691353;0.8765468;0.861614227;0.843493342;0.818201482;0.783600628;0.737152398;0.680365145;0.621875882;0.569424331;0.519050598;0.442427009;0.3345927;0.19158712;0.0166016202;-0.168536007;-0.344260663;-0.484266996;-0.646867514;-0.786358476;-0.888925314;-1"
21,75,4212.0585347147189,2.8928413988399999,2.612428230916376E-05,0.00016004099921562709,1651.655,"0;1318;1319;1320;1321;1541;1808;1847;2017;2208;2269;2423;2491;2558;2791;2957;3081;3197;3304;3398;3472;3534;3590;3638;3680;3718;3754;3787;3816;3842;3864;3882;3899;3916;3935;3955;3975;3993;4007;4017;4025;4035;4046;4057;4067;4075;4081;4085;4089;4093;4096","1;0.999001145;0.999000371;0.998999059;0.998997271;0.998597145;0.998111486;0.998040557;0.997538626;0.9969154;0.996637404;0.995914102;0.995500326;0.99509263;0.993168831;0.991211832;0.989246547;0.986816168;0.983790576;0.980170906;0.976340234;0.97214359;0.96722132;0.961797118;0.955777824;0.948929906;0.940755248;0.931283176;0.920800626;0.909036577;0.896700144;0.8844437;0.870527089;0.853646457;0.830091298;0.797858179;0.754535556;0.701435924;0.646543741;0.597121358;0.549466729;0.476604789;0.373252749;0.23463282;0.0624309182;-0.12304268;-0.302338988;-0.44750762;-0.618699968;-0.821994126;-1"
21,76,4472.1359549995768,2.7656637105400002,2.7044744697114881E-05,0.00016845695236189506,2000.528,"0;1;1339;1343;1441;1462;1848;1889;2055;2249;2307;2462;2529;2596;2828;2992;3088;3185;3298;3397;3472;3534;3589;3637;3680;3719;3755;3787;3816;3842;3864;3882;3899;3916;3935;3955;3975;3993;4007;4017;4025;4035;4046;4057;4067;4075;4081;4085;4089;4093;4096","1;0.999999285;0.999015272;0.999012291;0.998852491;0.998814404;0.998113632;0.998039186;0.997546971;0.996909976;0.996644139;0.995911419;0.995500922;0.995090425;0.993155777;0.991193771;0.989689052;0.987788141;0.984856963;0.981307566;0.977673531;0.973738372;0.969224691;0.964175344;0.958424747;0.951832533;0.944141924;0.93552649;0.925732613;0.91474539;0.903232574;0.891799629;0.878824294;0.863092601;0.841146111;0.811112881;0.770707607;0.7210747;0.66959703;0.623080254;0.578063369;0.508904278;0.4100824;0.27612406;0.107303083;-0.0777006894;-0.259812891;-0.409678638;-0.589220941;-0.806378901;-1"
21,77,4748.272094313279,2.64321613149,2.6718282148933927E-05,0.00016281136660079021,1945.005,"0;1396;1397;1417;1421;1890;1930;2097;2288;2351;2501;2524;2669;2863;3050;3198;3314;3399;3468;3532;3587;3637;3681;3719;3754;3786;3815;3842;3865;3883;3899;3916;3935;3955;3975;3993;4007;4016;4024;4035;4047;4057;4064;4068;4071;4075;4080;4085;4089;4093;4096","1;0.999003172;0.999002457;0.998969972;0.9989627;0.998112261;0.998039722;0.997542799;0.996913612;0.996623158;0.995908439;0.995766521;0.994837105;0.993160069;0.990835071;0.988164604;0.985206783;0.982263088;0.979141414;0.97537452;0.971187711;0.966286004;0.96076709;0.954739809;0.94777149;0.939774871;0.930690646;0.920075476;0.908780515;0.898003519;0.886550963;0.871884584;0.851430118;0.823439777;0.785755336;0.739375055;0.691131294;0.652191639;0.610656738;0.539381623;0.435026288;0.316001415;0.206749007;0.131111369;0.0664353296;-0.0326958336;-0.182650626;-0.370903164;-0.558472097;-0.789748669;-1"
21,78,5041.4585130018359,2.5253703200299999,2.6546866207145301E-05,0.00016726161723334965,1937.299,"0;1437;1438;1458;1461;1933;1971;2138;2328;2389;2540;2565;2705;2896;3059;3197;3309;3399;3470;3532;3588;3637;3680;3719;3754;3786;3815;3842;3865;3883;3899;3916;3935;3955;3975;3993;4007;4016;4024;4035;4047;4057;4064;4068;4071;4075;4080;4085;4089;4093;4096","1;0.999003112;0.999002397;0.998970091;0.998964667;0.998109162;0.998040259;0.997541726;0.996912479;0.996629536;0.995905042;0.995749652;0.994846523;0.993182063;0.991185606;0.988818407;0.986154914;0.983245313;0.980215371;0.976783514;0.972777069;0.968268991;0.963235497;0.957462907;0.950947225;0.943464875;0.934974372;0.92505157;0.914499938;0.904437423;0.893752992;0.880073607;0.861004531;0.834910929;0.799760103;0.756428719;0.711238563;0.674660146;0.635532379;0.568102121;0.468683779;0.354226351;0.248112798;0.174031854;0.110275097;0.0117982468;-0.138948202;-0.331314147;-0.526506364;-0.772075653;-1"
21,79,5352.7479962149318,2.41200017767,2.7796789452568915E-05,0.0001958116125992948,1708.663,"0;1477;1479;1502;1508;1973;2014;2173;2368;2451;2549;2669;2707;2931;3090;3208;3312;3399;3470;3532;3588;3637;3680;3718;3754;3786;3815;3842;3865;3883;3899;3916;3935;3955;3975;3993;4007;4016;4024;4035;4047;4057;4064;4068;4071;4075;4080;4085;4089;4093;4096","1;0.999004006;0.999002635;0.998965383;0.998954535;0.998111606;0.998037279;0.997559726;0.996911228;0.996523857;0.996066511;0.995337486;0.995099425;0.993182778;0.991209686;0.989202857;0.986830652;0.984175324;0.981325805;0.978111029;0.974351823;0.970133543;0.965417624;0.96017307;0.953918695;0.946921051;0.93897754;0.929698527;0.919841349;0.910442233;0.900467813;0.887703776;0.869919538;0.845587492;0.812798023;0.772320569;0.730009556;0.695672631;0.658847272;0.595134735;0.50058651;0.390779972;0.288015068;0.215699315;0.153074399;0.0556223802;-0.0953010693;-0.291051596;-0.493388325;-0.753335893;-1"
21,80,5683.2583342876123,2.30298183826,2.7263665097892877E-05,0.00017383980111884689,1930.848,"0;1520;1521;1542;1547;2015;2054;2220;2407;2465;2616;2680;2746;2966;3124;3238;3322;3397;3473;3535;3589;3638;3682;3718;3756;3784;3806;3836;3867;3893;3915;3935;3955;3975;3993;4007;4016;4024;4035;4047;4057;4064;4068;4071;4075;4080;4085;4089;4092;4094;4096","1;0.999003053;0.999002397;0.998968482;0.998959422;0.998110533;0.998039782;0.99753952;0.996914566;0.996642113;0.99590975;0.995505512;0.995088696;0.99318105;0.99118644;0.989204168;0.987292349;0.985120475;0.98224777;0.979190707;0.975765526;0.971790969;0.96723634;0.962554932;0.956332266;0.950606048;0.945208251;0.936149001;0.923930526;0.910416722;0.895587683;0.878226101;0.855531275;0.824939787;0.787131071;0.747527957;0.715315521;0.680684865;0.620552659;0.530778408;0.425658882;0.326403618;0.256029457;0.194722027;0.0986337066;-0.0518757515;-0.250261575;-0.459193468;-0.657368124;-0.815567076;-1"
21,81,6034.1763365451598,2.1981936279399998,2.6371398530260739E-05,0.00016932358057086816,1867.522,"0;1562;1563;1584;1588;2055;2096;2259;2447;2509;2654;2681;2816;3001;3177;3313;3404;3475;3536;3589;3638;3683;3722;3752;3779;3808;3838;3867;3893;3915;3935;3955;3975;3993;4006;4014;4025;4036;4045;4053;4059;4064;4068;4071;4075;4080;4085;4089;4092;4094;4096","1;0.999002993;0.999002337;0.998968482;0.99896121;0.998113155;0.998038709;0.997544825;0.996913075;0.99661988;0.995911479;0.99573946;0.994845569;0.993176639;0.99085921;0.988205254;0.98572284;0.983167291;0.980322838;0.977167487;0.973439217;0.969068825;0.964243889;0.959648967;0.954641879;0.948051393;0.939430416;0.928649127;0.916024566;0.902175248;0.885971665;0.864796579;0.836249292;0.800935209;0.766887188;0.740910828;0.696605444;0.638411224;0.575707018;0.503229499;0.434146523;0.363245368;0.294956058;0.235126853;0.140706033;-0.00883029215;-0.209092468;-0.424007505;-0.631746173;-0.800336719;-1"
21,82,6406.7620929439354,2.09751600835,3.0652423407114285E-05,0.00018318300028941081,1914.779,"0;330;1110;1545;1589;1737;2055;2139;2297;2487;2569;2665;2779;2819;3033;3188;3314;3400;3474;3540;3594;3641;3683;3720;3750;3779;3809;3839;3867;3891;3913;3936;3958;3976;3991;4004;4015;4026;4036;4044;4051;4058;4064;4070;4075;4080;4085;4089;4092;4094;4096","1;0.9997949;0.999310136;0.999039769;0.999012411;0.998767078;0.998188615;0.998035848;0.997553468;0.996911466;0.996520996;0.996063948;0.995353341;0.995096147;0.993199766;0.991178691;0.988831699;0.986632288;0.984154522;0.981246948;0.978167593;0.974750102;0.970896482;0.96663475;0.962387502;0.957385123;0.950977802;0.942843199;0.933064342;0.92228508;0.909639418;0.89233005;0.86994642;0.84521687;0.818023503;0.787413657;0.754256546;0.711645305;0.661163986;0.609229565;0.551871181;0.478826016;0.398522317;0.294559389;0.181730375;0.0336886756;-0.167694107;-0.387925535;-0.604964614;-0.784168243;-1"
21,83,6802.3534988512447,2.0008315116199999,2.6936419755245107E-05,0.0002484509387992162,1995.768,"0;1633;1651;1676;2136;2179;2340;2527;2584;2730;2794;2857;3069;3218;3326;3403;3472;3542;3597;3641;3681;3718;3751;3782;3812;3839;3865;3890;3914;3937;3958;3976;3991;4004;4015;4026;4036;4044;4051;4058;4064;4070;4076;4080;4083;4084;4086;4089;4092;4094;4096","1;0.999011159;0.999000311;0.998955309;0.998116851;0.998038471;0.997545898;0.996909678;0.996636271;0.995913386;0.995497763;0.995088696;0.993178427;0.991194665;0.989187777;0.987293243;0.985120893;0.982223392;0.979244828;0.976225615;0.972804308;0.96886307;0.96449542;0.959415019;0.95327419;0.94634068;0.93792814;0.927583575;0.914682925;0.898310781;0.878231227;0.85514617;0.829744935;0.801122427;0.770065188;0.730059981;0.682515681;0.633423209;0.578981876;0.509301543;0.432231545;0.331704915;0.195758909;0.0755469427;-0.0370301344;-0.0800144076;-0.175982341;-0.351050586;-0.577048779;-0.767036855;-1"
21,84,7222.3710592118423,1.908024656,3.2102217716834218E-05,0.00027041465832766676,1635.753,"0;1663;1666;1847;2135;2221;2384;2566;2626;2769;2792;2926;3103;3269;3396;3479;3544;3601;3646;3684;3718;3750;3782;3812;3839;3865;3890;3914;3937;3958;3976;3991;4004;4015;4026;4036;4044;4051;4058;4064;4070;4076;4080;4083;4084;4086;4089;4091;4092;4094;4096","1;0.999018431;0.999016643;0.998720825;0.998194635;0.998037517;0.99753499;0.996912479;0.996622503;0.995906711;0.995755732;0.994840145;0.993173659;0.99085623;0.988185465;0.985716522;0.983151376;0.980212808;0.977249146;0.974137127;0.970710814;0.966759384;0.961863697;0.956111252;0.949617028;0.941741943;0.932068765;0.920008719;0.904711127;0.885961711;0.864404619;0.840676546;0.813913107;0.784829378;0.747287452;0.702541828;0.656180978;0.60457164;0.5382061;0.464381784;0.367404878;0.234983757;0.116623685;0.00467124255;-0.0383633412;-0.135028988;-0.313492715;-0.462170213;-0.548032105;-0.748920977;-1"
21,85,7668.3229893521002,1.8189818630600001,2.9150265929774682E-05,0.00031006605132555265,1532.801,"0;1683;1732;1802;2192;2262;2425;2605;2665;2807;2830;2962;3136;3280;3396;3475;3543;3604;3651;3688;3719;3750;3782;3812;3839;3865;3890;3914;3937;3958;3976;3991;4004;4015;4026;4036;4044;4051;4058;4064;4070;4076;4080;4083;4084;4086;4089;4092;4094;4095;4096","1;0.999031186;0.999002934;0.998881161;0.99816668;0.998038411;0.997533739;0.996915162;0.996622682;0.995905519;0.995752811;0.994839907;0.993175149;0.991173089;0.988846362;0.986650527;0.984157085;0.981191576;0.978227854;0.975312352;0.972343266;0.968745351;0.96415782;0.958767653;0.952686846;0.945313454;0.936261058;0.924984992;0.910688579;0.893174648;0.873043478;0.850874603;0.825848877;0.798618376;0.763401747;0.721315622;0.677571476;0.628702641;0.565583229;0.494993359;0.401642025;0.272992581;0.156812161;0.0458544977;0.00292070536;-0.0940989032;-0.275366724;-0.517956436;-0.729802251;-0.856289327;-1"
21,86,8141.8106307380822,1.7335913781100001,3.052467491593438E-05,0.00034757279738983904,1455.865,"0;1765;1780;1799;2261;2303;2466;2645;2683;2759;2805;3008;3169;3309;3408;3479;3542;3606;3655;3690;3721;3753;3783;3812;3839;3865;3890;3914;3937;3958;3976;3991;4004;4015;4026;4036;4044;4051;4058;4064;4070;4076;4080;4083;4084;4086;4089;4092;4094;4095;4096","1;0.999008536;0.999000132;0.998965502;0.998116553;0.998039365;0.997532427;0.996912599;0.996725738;0.996352017;0.996125817;0.994749725;0.993171751;0.991180658;0.989189804;0.987284362;0.985105097;0.982175291;0.979230821;0.976601005;0.973786473;0.970246136;0.966160119;0.961259544;0.95556277;0.948658526;0.940186441;0.929635882;0.916273832;0.89991039;0.881103814;0.860389054;0.836989939;0.81149739;0.778472126;0.738908589;0.697664917;0.651437104;0.591482639;0.524093807;0.434411526;0.309731781;0.196019843;0.0863994509;0.0437103808;-0.0533267967;-0.236791715;-0.486872077;-0.709666371;-0.844705343;-1"
21,87,8644.534201134431,1.6517431899799999,3.3560353558841692E-05,0.00025827549881185519,1934.790,"0;1783;1798;1968;2274;2354;2451;2563;2677;2745;2841;2986;3145;3299;3409;3486;3535;3594;3660;3715;3756;3787;3813;3839;3865;3890;3914;3937;3958;3976;3991;4004;4015;4026;4036;4044;4051;4058;4065;4070;4074;4077;4080;4083;4086;4089;4091;4093;4094;4095;4096","1;0.999022186;0.99901396;0.99873358;0.998169422;0.998021901;0.997717142;0.997344911;0.996949255;0.996611714;0.996135116;0.995197773;0.993803024;0.991829753;0.989772499;0.987804472;0.986208916;0.983786047;0.980124414;0.975892842;0.971671283;0.967612505;0.963418782;0.958260357;0.951793551;0.943861485;0.933991849;0.921493888;0.906200588;0.888627827;0.869270384;0.847388566;0.823527038;0.792564631;0.755388618;0.716529369;0.672839761;0.615958095;0.539152443;0.465719789;0.390359402;0.320245653;0.234167978;0.1261985;-0.012840908;-0.197888792;-0.358870894;-0.563813925;-0.688503385;-0.832383573;-1"
21,88,9178.2988998122328,1.5733289592399999,3.1996868720135958E-05,0.00028676184418330308,1823.396,"0;1799;1855;1964;2265;2417;2457;2667;2697;2790;2882;2923;3143;3307;3417;3478;3529;3593;3662;3717;3758;3788;3813;3839;3865;3890;3914;3937;3958;3976;3991;4004;4015;4026;4036;4044;4051;4058;4065;4070;4074;4077;4080;4083;4086;4089;4091;4093;4094;4095;4096","1;0.999036372;0.999006391;0.998820305;0.998263419;0.99796772;0.997833908;0.997131288;0.997030914;0.996579945;0.996118486;0.995879889;0.994160652;0.992161453;0.990177989;0.98871094;0.987197936;0.984766304;0.981162667;0.97714752;0.973141193;0.969416916;0.965623558;0.96078974;0.954730034;0.947301388;0.938065171;0.926375806;0.912079692;0.895655394;0.877561867;0.85710007;0.834764779;0.805742264;0.770823777;0.734232426;0.692974627;0.63906467;0.565914452;0.495582432;0.42299518;0.355080843;0.271192402;0.165155634;0.0272374842;-0.158779755;-0.322966188;-0.535278738;-0.666307867;-0.819295585;-1"
21,89,9745.021389728483,1.49824195925,2.6486914902199428E-05,0.00020904496122599314,1606.439,"0;1891;1910;1934;2428;2448;2473;2723;2741;2783;2883;2923;3175;3335;3441;3520;3590;3653;3713;3766;3809;3841;3866;3890;3914;3937;3958;3976;3991;4004;4015;4026;4036;4044;4051;4058;4065;4070;4074;4077;4080;4083;4086;4088;4090;4091;4092;4093;4094;4095;4096","1;0.999010146;0.999000192;0.998956144;0.99803865;0.998001516;0.997918546;0.997076094;0.997015476;0.996810257;0.996303082;0.996100187;0.994170904;0.992179811;0.990222871;0.988202751;0.985769331;0.982776582;0.978815198;0.973882616;0.968309104;0.962770045;0.957236946;0.950524688;0.941878498;0.930944622;0.917572677;0.902221084;0.88530612;0.866168976;0.845263362;0.818064332;0.785276353;0.750838876;0.711905241;0.660860777;0.59127897;0.524023831;0.454238325;0.388596952;0.307041734;0.203187466;0.0667961612;-0.0503507853;-0.197706118;-0.286484331;-0.388185441;-0.505753219;-0.6430794;-0.805413783;-1"
21,90,10346.736679953654,1.4263770291,2.977323216686921E-05,0.00043863761077478358,1846.596,"0;428;1358;1929;1933;2049;2069;2475;2477;2571;2726;2768;2903;2961;3209;3364;3448;3522;3588;3652;3715;3768;3809;3840;3866;3890;3914;3937;3958;3976;3991;4004;4015;4026;4036;4044;4051;4058;4065;4070;4074;4077;4080;4083;4086;4088;4090;4092;4094;4095;4096","1;0.999780953;0.99930501;0.999012828;0.999010742;0.998822868;0.998785555;0.998028457;0.998024762;0.997725844;0.997199595;0.997056961;0.996393144;0.996095419;0.99415791;0.992174685;0.990624845;0.988822997;0.986664653;0.98383683;0.979921877;0.975228727;0.970214188;0.965204597;0.959835351;0.953545928;0.945448101;0.935216606;0.922711074;0.908356071;0.892540514;0.874640465;0.855074227;0.829584897;0.798807859;0.766411364;0.729694784;0.681405127;0.61529386;0.55107367;0.484099597;0.420782864;0.341676474;0.240222901;0.105731979;-0.0109474771;-0.15928793;-0.353720248;-0.61882323;-0.790711641;-1"
21,91,10985.60543306117,1.3576305363500001,2.7595429937243921E-05,0.00022161477367355076,1896.643,"0;1993;1995;2010;2011;2519;2531;2552;2779;2808;2935;2997;3241;3412;3516;3596;3661;3715;3766;3808;3840;3866;3890;3914;3937;3958;3976;3991;4004;4015;4026;4036;4044;4051;4058;4065;4070;4074;4077;4080;4083;4086;4088;4089;4090;4091;4092;4093;4094;4095;4096","1;0.999002337;0.999001384;0.998977005;0.998975158;0.998023748;0.998001277;0.997930408;0.997153342;0.99705404;0.996421635;0.996099174;0.994158149;0.991837621;0.989612579;0.9871521;0.984327495;0.981106937;0.976904213;0.972136319;0.967303455;0.96227026;0.956378281;0.948795319;0.939216912;0.927516699;0.914093316;0.899301648;0.882556736;0.864241719;0.840358913;0.811474919;0.781012416;0.746405363;0.700757563;0.638009191;0.576768219;0.512595773;0.451636165;0.375069946;0.276202917;0.143952131;0.0280889403;-0.0414102264;-0.120769396;-0.212196901;-0.318606138;-0.443920225;-0.593549609;-0.775163889;-1"
21,92,11663.921723718177,1.29190035616,3.25274992863831E-05,0.0002229586975032033,1803.536,"0;2022;2025;2116;2133;2512;2546;2747;2846;2984;3034;3271;3418;3517;3598;3661;3716;3767;3808;3840;3866;3890;3914;3937;3958;3976;3991;4004;4015;4026;4036;4044;4051;4058;4065;4070;4074;4077;4080;4083;4085;4087;4088;4089;4090;4091;4092;4093;4094;4095;4096","1;0.99900955;0.99900806;0.998859882;0.998827875;0.998114824;0.998050869;0.997399211;0.997057259;0.996359527;0.996095777;0.994172215;0.99219501;0.990188241;0.987827063;0.985246241;0.982155621;0.978185833;0.973806322;0.969274938;0.964554787;0.9590379;0.951932311;0.942964792;0.93201679;0.919455588;0.905621469;0.889957309;0.872811854;0.850434721;0.823333144;0.794697046;0.76209712;0.718976557;0.659475267;0.601148307;0.539752126;0.481164277;0.407204449;0.311080039;0.229346842;0.127519175;0.0666551292;-0.00265439157;-0.0822621286;-0.174601436;-0.282932013;-0.411724091;-0.56727469;-0.758746862;-1"
21,93,12384.121276337783,1.22908586754,3.0649850800086332E-05,0.0002196636447339001,1678.379,"0;2081;2082;2101;2106;2543;2589;2786;2886;3011;3067;3104;3304;3446;3540;3606;3660;3718;3770;3809;3840;3866;3890;3914;3937;3958;3976;3991;4004;4015;4026;4036;4044;4051;4058;4065;4070;4074;4077;4080;4083;4085;4087;4089;4090;4091;4092;4093;4094;4095;4096","1;0.999002099;0.999001622;0.998970449;0.998961031;0.998134851;0.998047888;0.997401416;0.99705267;0.996411443;0.996111512;0.995877624;0.994150281;0.992172539;0.990197301;0.988261819;0.986157894;0.983087897;0.979222655;0.975257754;0.971128166;0.966700494;0.961524248;0.954870284;0.946470201;0.936224401;0.924473345;0.911530972;0.896874011;0.880824268;0.859859526;0.834433436;0.807523012;0.776826441;0.736118913;0.679746926;0.624256909;0.56559813;0.509380937;0.438073277;0.344817251;0.265000522;0.164873585;0.0357394777;-0.0438746251;-0.136845797;-0.246790946;-0.378759384;-0.540020764;-0.741438508;-1"
21,94,13148.790211372634,1.1690879561400001,3.2032912138112282E-05,0.00022959250031828748,1791.318,"0;2104;2108;2225;2248;2597;2634;2793;2955;2990;3068;3105;3334;3472;3543;3597;3656;3717;3767;3808;3841;3867;3891;3914;3937;3958;3976;3991;4004;4015;4026;4036;4044;4051;4058;4065;4070;4074;4077;4080;4083;4085;4087;4089;4090;4091;4092;4093;4094;4095;4096","1;0.999011874;0.999010026;0.998818159;0.998774409;0.998111248;0.998040915;0.997515678;0.996914744;0.996724129;0.996299446;0.996097982;0.994151354;0.992170155;0.990686417;0.989225864;0.987136006;0.984143734;0.980703652;0.97685194;0.972721279;0.968532324;0.963632345;0.957623303;0.949758649;0.940166354;0.929170012;0.917060554;0.903341472;0.888316274;0.868674397;0.844825208;0.819542527;0.790649474;0.75224185;0.698876858;0.646140754;0.590168774;0.536307693;0.467676759;0.377388209;0.299622506;0.201419175;0.0736737996;-0.00571162254;-0.0990352407;-0.210278034;-0.345096678;-0.511816323;-0.723219097;-1"
21,95,13960.674331656375,1.1118090334299999,2.7918958951062518E-05,0.000237390418082295,1636.687,"0;2168;2170;2188;2191;2669;2688;2760;2922;2962;3086;3141;3362;3495;3585;3658;3715;3767;3809;3841;3867;3891;3914;3937;3958;3976;3991;4004;4015;4026;4036;4044;4051;4058;4065;4070;4074;4077;4080;4083;4085;4087;4088;4089;4090;4091;4092;4093;4094;4095;4096","1;0.999002397;0.999001503;0.998971879;0.998966098;0.998052776;0.998016477;0.997774184;0.997196794;0.997054279;0.996397078;0.9960922;0.994166434;0.99220711;0.990188062;0.987810314;0.985187829;0.98185569;0.978135228;0.9743613;0.970433414;0.965841532;0.960208476;0.952840507;0.943858147;0.933563769;0.922231078;0.909391761;0.89532429;0.876922905;0.854552448;0.830805898;0.803619742;0.767400444;0.716918349;0.66684711;0.613501668;0.561970949;0.496024549;0.408776045;0.333174437;0.237091571;0.178621575;0.111058682;0.0321277753;-0.0612731576;-0.17349042;-0.310811758;-0.482695371;-0.704071224;-1"
21,96,14822.688982138943,1.0571530678800001,3.28852754371782E-05,0.00023193248722473692,1690.253,"0;2182;2191;2357;2590;2749;2785;2999;3001;3102;3170;3208;3392;3521;3605;3666;3720;3768;3806;3839;3866;3890;3914;3937;3958;3976;3991;4004;4015;4026;4036;4044;4051;4058;4065;4070;4074;4077;4080;4083;4085;4087;4088;4089;4090;4091;4092;4093;4094;4095;4096","1;0.999015927;0.999011874;0.998731434;0.998283625;0.99795872;0.997828841;0.997056723;0.99704951;0.99650687;0.996122658;0.995867848;0.994152367;0.992178857;0.990221143;0.988222718;0.985805571;0.982864559;0.97972858;0.976155996;0.972377181;0.968114614;0.962630808;0.955727518;0.947314918;0.937679172;0.927072525;0.91505456;0.901881635;0.884638965;0.863659978;0.841359019;0.81578815;0.781648099;0.73392415;0.686424434;0.635638356;0.58640039;0.523130536;0.438972086;0.365625709;0.271834761;0.214439303;0.147811249;0.0695495009;-0.0236594286;-0.13652581;-0.275984317;-0.45269829;-0.683980346;-1"
21,97,15737.929518419996,1.0050256229100001,2.8441019823890164E-05,0.00024083256671501851,1881.021,"0;2217;2260;2297;2729;2768;2852;3016;3046;3094;3175;3208;3420;3545;3610;3668;3718;3764;3807;3839;3864;3889;3914;3937;3958;3976;3991;4004;4015;4026;4036;4044;4051;4058;4065;4070;4074;4077;4080;4083;4085;4087;4088;4089;4090;4091;4092;4093;4094;4095;4096","1;0.999019623;0.999000609;0.998930991;0.998095393;0.998019934;0.997730494;0.997130811;0.997021139;0.996756434;0.996289313;0.996098995;0.994151652;0.992172003;0.990653813;0.988845944;0.98674047;0.984149098;0.980855167;0.977585196;0.97433722;0.970230877;0.964908302;0.958434641;0.950555086;0.941532612;0.931601465;0.920350492;0.908017576;0.891862214;0.872187734;0.851248026;0.82720226;0.795036495;0.749946356;0.704923093;0.656621516;0.609631717;0.549016297;0.467974961;0.396955967;0.305602789;0.249397188;0.183857679;0.106466733;0.013709479;-0.0994817317;-0.240698278;-0.421871334;-0.662935138;-1"
21,98,16709.682421671805,0.95533390311800004,2.731465677102302E-05,0.00041644135943930127,1704.188,"0;557;2291;2293;2361;2387;2797;2819;2827;3082;3088;3099;3206;3242;3447;3568;3630;3677;3724;3768;3809;3841;3866;3890;3914;3937;3958;3976;3991;4004;4015;4026;4036;4044;4051;4058;4065;4070;4074;4077;4080;4083;4085;4087;4089;4091;4092;4093;4094;4095;4096","1;0.999758363;0.999006271;0.999005377;0.998891711;0.998841047;0.998042524;0.99799937;0.997969687;0.997023523;0.99700129;0.996937156;0.9963063;0.996094108;0.994153619;0.992169321;0.990667045;0.989184082;0.98724556;0.984843552;0.981830716;0.978713274;0.975608885;0.971859574;0.96704334;0.960979283;0.953592658;0.945144892;0.935845673;0.925309777;0.913758159;0.8986215;0.880172729;0.860513687;0.837908685;0.80761236;0.76503551;0.722390234;0.676495492;0.631701708;0.573705971;0.495790452;0.427151471;0.33835873;0.219131857;0.0507418066;-0.0624543428;-0.205039412;-0.390266687;-0.640927494;-1"
21,99,17741.437099863138,0.90798680744600002,2.576195511570947E-05,0.00023695099224724236,1668.380,"0;2345;2346;2365;2370;2845;2847;2933;3079;3113;3206;3270;3305;3474;3590;3665;3720;3767;3806;3838;3865;3890;3914;3937;3958;3976;3991;4004;4015;4026;4036;4044;4051;4058;4065;4070;4074;4077;4080;4083;4085;4087;4088;4089;4090;4091;4092;4093;4094;4095;4096","1;0.99900192;0.999001443;0.998969495;0.998959661;0.998027623;0.998023689;0.997721374;0.997171044;0.997042894;0.996507347;0.996121109;0.995868325;0.994146228;0.992171407;0.990210056;0.988178551;0.985803783;0.983155668;0.98029983;0.977211297;0.973558664;0.969046354;0.96335727;0.95644021;0.948525846;0.939819276;0.929955304;0.919134498;0.904952288;0.887650013;0.869197249;0.847950161;0.819425106;0.779240251;0.738876462;0.695305586;0.652649641;0.597229898;0.522430658;0.456207156;0.370073915;0.316537052;0.25357601;0.178473771;0.087351121;-0.0255376864;-0.1690965;-0.357941657;-0.6179533;-1"
21,100,18836.898417660534,0.86289498620500005,2.4176381264550388E-05,0.00024864200181873297,1579.105,"0;2381;2392;2407;2419;2888;2899;2904;3151;3157;3187;3301;3304;3336;3499;3611;3685;3725;3755;3797;3844;3884;3915;3938;3958;3976;3991;4004;4015;4026;4036;4044;4051;4058;4065;4070;4074;4077;4080;4083;4085;4087;4088;4089;4090;4091;4092;4093;4094;4095;4096","1;0.999005258;0.999000609;0.99897331;0.998949587;0.998021781;0.998000026;0.997980893;0.997033834;0.997010827;0.996831834;0.996126413;0.996107876;0.99586761;0.99415338;0.992178917;0.99016279;0.988667488;0.987281919;0.984801531;0.980902612;0.97606504;0.970719993;0.965324521;0.959113598;0.95169723;0.943540633;0.934301913;0.924167931;0.910878122;0.894654095;0.877333701;0.857366502;0.830518842;0.792609096;0.754427671;0.713097334;0.672516465;0.619619489;0.547913015;0.484124243;0.400726855;0.348642141;0.287141174;0.213425279;0.123456962;0.0111772828;-0.13295874;-0.324959069;-0.594012618;-1"
21,101,19999.999999999982,0.81997089868299999,1.9879205304309022E-05,0.00019313665088505072,1688.825,"0;2418;2421;2510;2526;2924;2926;3012;3147;3183;3270;3361;3404;3452;3510;3528;3632;3701;3751;3797;3844;3883;3913;3937;3958;3976;3991;4004;4015;4026;4036;4044;4051;4058;4065;4070;4074;4077;4080;4083;4085;4087;4088;4089;4090;4091;4092;4093;4094;4095;4096","1;0.999008;0.999006808;0.998855412;0.998823464;0.998029113;0.998025119;0.997713327;0.997186065;0.997045457;0.996521235;0.995915949;0.995512426;0.995061994;0.994332492;0.994098723;0.99217087;0.99022007;0.98822844;0.985707402;0.982052565;0.977641702;0.972878039;0.967690945;0.961615503;0.954669476;0.94703269;0.938375235;0.928882837;0.916426957;0.901215672;0.884961009;0.866199493;0.840937138;0.805188239;0.769092619;0.72991544;0.691344023;0.640910268;0.572257638;0.510909498;0.430304736;0.379732668;0.319785357;0.247595847;0.158985406;0.047602959;-0.0967161804;-0.291386425;-0.569110215;-1"
